Workbook

Sheet Quarterly Update Checklist
B1: Tasks to be completed for a Quarterly Update | C1: Complete | G1: Notes
B2: Updated Scenarios | C2: QLD | D2: NSW | E2: VIC | F2: SA
A3: FALSE | B3: - Updated scenario data has been copied into input deck | C3: FALSE | D3: FALSE | E3: FALSE | F3: FALSE
B4: Releasable User Guides
A5: FALSE | B5: - Updated RUG list with new RUGs | C5: FALSE | D5: FALSE | E5: FALSE | F5: FALSE | G5: NA no recent RUG download
A6: FALSE | B6: - Each RUG has been modelled per latest timing and details | C6: FALSE | D6: FALSE | E6: FALSE | F6: FALSE | G6: NA no recent RUG download
A7: FALSE | B7: - Each GCE has reviewed their respective states' RUGs | C7: FALSE | D7: FALSE | E7: FALSE | F7: FALSE | G7: NA no recent RUG download
B8: Grid Line Loss List
A9: FALSE | B9: - Updated GLL list with new project data from Commercial team | C9: FALSE | D9: FALSE | E9: FALSE | F9: FALSE
A10: FALSE | B10: - Each project has been modelled per latest timing and details | C10: FALSE | D10: FALSE | E10: FALSE | F10: FALSE | G10: Check this via GLL list
A11: FALSE | B11: - Each GCE has reviewed their respective states' projects | C11: FALSE | D11: FALSE | E11: FALSE | F11: FALSE | G11: Check this via GLL list
B12: Network Augmentations
A13: FALSE | B13: - Each augmentation has been modelled per latest timing and details | C13: FALSE | D13: FALSE | E13: FALSE | F13: FALSE | G13: Check this via Scenario Checklist
A14: FALSE | B14: - Buses and projects affected have been reviewed and updated accordingly | C14: FALSE | D14: FALSE | E14: FALSE | F14: FALSE
A15: FALSE | B15: - Each GCE has reviewed their respective states' augmentations | C15: FALSE | D15: FALSE | E15: FALSE | F15: FALSE | G15: Check this via Scenario Checklist
B16: Coal Plant Closures
A17: FALSE | B17: - Each project has been modelled per latest timing and details | C17: FALSE | D17: FALSE | E17: FALSE | F17: FALSE | G17: Check this via Scenario Checklist
A18: FALSE | B18: - Each GCE has reviewed their respective states' retirements | C18: FALSE | D18: FALSE | E18: FALSE | F18: FALSE | G18: Check this via Scenario Checklist
B19: Gas Plant Buildout
A20: FALSE | B20: - Manual buildout of gas (bringing online / retirements) matches that of the correct scenario's gas buildout outlined | C20: FALSE | D20: FALSE | E20: FALSE | F20: FALSE | G20: May be situations where old gas plants must be modified to increase overall growth.
A21: FALSE | B21: - Each GCE has reviewed their respective states' gas buildout | C21: FALSE | D21: FALSE | E21: FALSE | F21: FALSE | G21: Check this via Scenario Checklist
B22: Cutsets
A23: FALSE | B23: - Cutset commission dates match with their respective network augmentation | C23: FALSE | D23: FALSE | E23: FALSE | F23: FALSE | G23: Check this via Scenario Checklist
B24: State Buildout Summary
A25: FALSE | B25: - If scenario is updated, data is copied into correct scenario sheet | C25: FALSE | D25: FALSE | E25: FALSE | F25: FALSE
A26: FALSE | B26: - Storage/battery/solar buildout calculations match data buildout | C26: FALSE | D26: FALSE | E26: FALSE | F26: FALSE
B27: Notional Buildout
A28: FALSE | B28: - 'Inservice' column is TRUE for all buses within NotionalGenCalc0 sheet | C28: FALSE | D28: FALSE | E28: FALSE | F28: FALSE | G28: May be situations where capacity added is <1MW, which the notional buildout will not build
A29: FALSE | B29: - If the State Buildout Summary sheet has been updated, the notional buildout reflects these changes | C29: FALSE | D29: FALSE | E29: FALSE | F29: FALSE
A30: FALSE | B30: - Some REZs (~3) in each state have been reviewed by comparing notional buildout for that REZ and FuelType with the ISP Buildout Allocation sheet | C30: FALSE | D30: FALSE | E30: FALSE | F30: FALSE
B31: DER Buildout
A32: FALSE | B32: - If the State Buildout Summary sheet has been updated, the DER buildout reflects these changes | C32: FALSE | D32: FALSE | E32: FALSE | F32: FALSE
A33: FALSE | B33: - Some REZs (~3) in each state have been reviewed by comparing notional buildout for that REZ and FuelType with the DER Reallocation sheet | C33: FALSE | D33: FALSE | E33: FALSE | F33: FALSE
B34: Python Grid Model
A35: FALSE | B35: - PyCharm is set on the correct branch (main) of the grid model | C35: FALSE | D35: FALSE | E35: FALSE | F35: FALSE

Sheet Changes Tracker Q1 26
A1: Description | B1: Sheet Name | C1: Region | D1: Owner | E1: Date Added | F1: Comments
A2: Updated coal plant closures | B2: Augmentation & Closures | C2: ALL | D2: Wriece | E2: 46015
A3: Removed Borumba PHES | B3: committed PH | C3: QLD | D3: Wriece | E3: 46015
A4: Added in new rugs | B4: committed gen & Add Gen List | C4: ALL | D4: Wriece | E4: 46015
A5: Updated demand forecast | B5: mod_load | C5: ALL | D5: Wriece | E5: 46021
A6: Added in VTP projects | B6: VTP & RES dev | C6: VIC | D6: Wriece | E6: 46021
A7: Updated REZ generation capacity | B7: ISP REZ Generation Capacity (2) | C7: VIC | D7: Wriece | E7: 46021 | F7: Updated only VIC REZ generation capacity due to new VIC rezs
A8: Updated REZ Buildout | B8: Baringa RC Buildout Summary & Buildout Allocation | C8: ALL | D8: Wriece | E8: 46021 | F8: Updated all REZ buildouts. Notably VIC with the addition of new REZ's
A9: Updated REZ bus allocation | B9: REZ Bus Alloation - Bari RC | C9: VIC | D9: Wriece | E9: 46021 | F9: Updated VIC REZ build out bus allocation to reflect updated REZs
A10: Updated REZ mapping | B10: REZ Mapping | C10: VIC | D10: Wriece | E10: 46021 | F10: Updated REZ mapping sheet to reflect updated VIC REZs
A11: Organised relevant sheets to group the augmentation projects and renewable projects by NEM states | B11: Committed (Baringa Q4 25 RC) Actionable (Baringa Q4 25 RC) Retirements (Baringa RC) in-service gen committed gen RES ph4 RES dev | C11: All | D11: Frank | E11: 46029 | F11: As per discussion during Grid Workshop on 18/12.
A12: Kaban WF fuel type changed from Solar to Wind and capacity changed from 160 to 152 to match RUG | B12: Add Gen List, committed gen, REZ mapping | C12: QLD | D12: Beau | E12: 46048 | F12: Error carried through from past
A13: Exclude Jackson WF from GLL list | B13: RES dev, Add Gen List | C13: QLD | D13: Frank | E13: 46056 | F13: Updated as per latest GLL list from Carl
A14: Gladstone Project scope update | B14: Actionable (Baringa Q4 25 RC) | C14: QLD | D14: Frank | E14: 46057 | F14: Further refinement of scope in draft 2026 ISP
A15: CQ-GG cutset revision | B15: Post aug cutset | C15: QLD | D15: Frank | E15: 46059 | F15: Cutset definition revised to reflect changes to Gladstone Project scope

Sheet Changes Tracker Q2
A1: Description | B1: Sheet Name | C1: Region | D1: Owner | E1: Date Added | F1: Comments
A2: Osborne Cogen Plant retirement | B2: Retirements (Baringa RC) | C2: SA | D2: Wriece | E2: 46979 | F2: Date updated from 2026 - 2027
A3: Torrens A PS | B3: Retirements (Baringa RC) | C3: SA | D3: Wriece | E3: 46979 | F3: Included retirement of Torrens A PS
A4: WRL | B4: Augmentation & Closures | C4: VIC | D4: Wriece | E4: 46979 | F4: Updated date to Dec 2029
A5: Clements GAP BESS Gen | B5: committed gen & Add Gen List | C5: SA | D5: Wriece | E5: 46979 | F5: Updated commissioning date to 1/07/2026 and corrected profile to reference Load
A6: Mannum BESS Gen | B6: committed gen & Add Gen List | C6: SA | D6: Wriece | E6: 46979 | F6: Updated commissioning date to 1/09/2025 and corrected profile to reference load
A7: Bungama BESS | B7: committed gen & Add Gen List | C7: SA | D7: Wriece | E7: 46979 | F7: Added Bungama BESS to Bungama 275 kV
A8: Carwarp SF | B8: committed gen & Add Gen List | C8: VIC | D8: Wriece | E8: 46979 | F8: Change commissioning date to 1/07/2027
A9: Goorambat East SF | B9: committed gen & Add Gen List | C9: VIC | D9: Wriece | E9: 46979 | F9: Change commissioning date to 1/01/2027
A10: Horsham SF | B10: committed gen & Add Gen List | C10: VIC | D10: Wriece | E10: 46979 | F10: Change commissioning date to 1/01/2027
A11: Lancaster SF | B11: committed gen & Add Gen List | C11: VIC | D11: Wriece | E11: 46979 | F11: Change commissioning date to 1/11/2026
A12: Mornington BESS | B12: committed gen & Add Gen List | C12: VIC | D12: Wriece | E12: 46979 | F12: Change commissioning date to 1/07/2026
A13: Terang BESS | B13: committed gen & Add Gen List | C13: VIC | D13: Wriece | E13: 46979 | F13: Change commissioning date to 1/01/2027
... A121: Bunyip North BESS | B121: RES dev | C121: VIC | D121: Wriece | E121: 45905 | F121: Disabled AGC for gen and load

Sheet New RUG List Q4
A1: New RUG List released from AEMO
A3: Name | B3: Tech | C3: Region | D3: Export Limit | E3: Commissioning Start | F3: REZ | I3: Added? | J3: Checked | K3: Responsible | L3: Reviewed by | M3: Comments
I4: FALSE | J4: FALSE
I5: FALSE | J5: FALSE
A6: New Baringa Renewable Plant Assumptions Q4 25 | H6: Changes
A7: Project Name | B7: Tech | C7: Region | D7: Capacity | E7: Commercial Use Date | F7: REZ | I7: Added? | J7: Checked | K7: Responsible | L7: Reviewed by | M7: Comments
A8: Adelaide Desalination Plant | B8: Solar | C8: SA | D8: 25 | E8: Existing | F8: S3 | G8: =VLOOKUP(A8,$A$342:$A$427,1,FALSE) -> #N/A | H8: =VLOOKUP(A8,$A$342:$E$427,5,FALSE) -> #N/A | I8: FALSE | J8: FALSE
A9: Adelaide Desalination Plant | B9: Storage - Battery | C9: SA | D9: 8 MW / 13 MWh | E9: Existing | F9: S3 | G9: =VLOOKUP(A9,$A$342:$A$427,1,FALSE) -> #N/A | H9: =VLOOKUP(A9,$A$342:$E$427,5,FALSE) -> #N/A | I9: FALSE | J9: FALSE
A10: Aldoga Solar Farm | B10: Solar | C10: QLD | D10: 380 | E10: Existing | F10: Q6 | G10: =VLOOKUP(A10,$A$342:$A$427,1,FALSE) -> Aldoga Solar Farm | H10: =VLOOKUP(A10,$A$342:$E$427,5,FALSE) -> 45870 | I10: TRUE | J10: TRUE | L10: Beau
A11: Ararat Wind Farm | B11: Wind | C11: VIC | D11: 241 | E11: Existing | F11: V3 | G11: =VLOOKUP(A11,$A$342:$A$427,1,FALSE) -> #N/A | H11: =VLOOKUP(A11,$A$342:$E$427,5,FALSE) -> #N/A | I11: FALSE | J11: FALSE
A12: Avonlie Solar Farm | B12: Solar | C12: NSW | D12: 190 | E12: Existing | F12: N5 | G12: =VLOOKUP(A12,$A$342:$A$427,1,FALSE) -> #N/A | H12: =VLOOKUP(A12,$A$342:$E$427,5,FALSE) -> #N/A
A13: Baking Board Solar Farm | B13: Solar | C13: QLD | D13: 15 | E13: Existing | F13: Q8 | G13: =VLOOKUP(A13,$A$342:$A$427,1,FALSE) -> #N/A | H13: =VLOOKUP(A13,$A$342:$E$427,5,FALSE) -> #N/A
A14: Bald Hills Wind Farm | B14: Wind | C14: VIC | D14: 106 | E14: Existing | F14: V5 | G14: =VLOOKUP(A14,$A$342:$A$427,1,FALSE) -> #N/A | H14: =VLOOKUP(A14,$A$342:$E$427,5,FALSE) -> #N/A
A15: Ballarat Energy Storage | B15: Storage - Battery | C15: VIC | D15: 30 MW / 30 MWh | E15: Existing | F15: V3 | G15: =VLOOKUP(A15,$A$342:$A$427,1,FALSE) -> #N/A | H15: =VLOOKUP(A15,$A$342:$E$427,5,FALSE) -> #N/A
A16: Bango Wind Farm | B16: Wind | C16: NSW | D16: 244 | E16: Existing | F16: N4 | G16: =VLOOKUP(A16,$A$342:$A$427,1,FALSE) -> #N/A | H16: =VLOOKUP(A16,$A$342:$E$427,5,FALSE) -> #N/A
A17: Bannerton Solar Park | B17: Solar | C17: VIC | D17: 88 | E17: Existing | F17: V2 | G17: =VLOOKUP(A17,$A$342:$A$427,1,FALSE) -> #N/A | H17: =VLOOKUP(A17,$A$342:$E$427,5,FALSE) -> #N/A
A18: Barcaldine Remote Community Solar Farm | B18: Solar | C18: QLD | D18: 20 | E18: Existing | F18: Q5 | G18: =VLOOKUP(A18,$A$342:$A$427,1,FALSE) -> #N/A | H18: =VLOOKUP(A18,$A$342:$E$427,5,FALSE) -> #N/A
A19: Berrybank Wind Farm - Stage 1 | B19: Wind | C19: VIC | D19: 176 | E19: Existing | F19: V4 | G19: =VLOOKUP(A19,$A$342:$A$427,1,FALSE) -> #N/A | H19: =VLOOKUP(A19,$A$342:$E$427,5,FALSE) -> #N/A
A20: Berrybank Wind Farm - Stage 2 | B20: Wind | C20: VIC | D20: 109 | E20: Existing | F20: V4 | G20: =VLOOKUP(A20,$A$342:$A$427,1,FALSE) -> #N/A | H20: =VLOOKUP(A20,$A$342:$E$427,5,FALSE) -> #N/A
A21: Beryl Solar Farm | B21: Solar | C21: NSW | D21: 87 | E21: Existing | F21: N3 | G21: =VLOOKUP(A21,$A$342:$A$427,1,FALSE) -> #N/A | H21: =VLOOKUP(A21,$A$342:$E$427,5,FALSE) -> #N/A
A22: Blayney Wind Farm | B22: Wind | C22: NSW | D22: 10 | E22: Existing | F22: N3 | G22: =VLOOKUP(A22,$A$342:$A$427,1,FALSE) -> #N/A | H22: =VLOOKUP(A22,$A$342:$E$427,5,FALSE) -> #N/A
A23: Blind Creek Solar Farm | B23: Solar | C23: NSW | D23: 300 | E23: 46539 | F23: N7 | G23: =VLOOKUP(A23,$A$342:$A$427,1,FALSE) -> #N/A | H23: =VLOOKUP(A23,$A$342:$E$427,5,FALSE) -> #N/A | I23: FALSE | J23: FALSE | M23: Added 24/12/2025
A24: Blind Creek Solar Farm - BESS | B24: Storage - Battery | C24: NSW | D24: 243 MW / 486 MWh | E24: 46722 | F24: N7 | G24: =VLOOKUP(A24,$A$342:$A$427,1,FALSE) -> #N/A | H24: =VLOOKUP(A24,$A$342:$E$427,5,FALSE) -> #N/A | I24: FALSE | J24: FALSE | M24: Added 24/12/2025
A25: Blue Grass Solar Farm | B25: Solar | C25: QLD | D25: 148 | E25: Existing | F25: Q8 | G25: =VLOOKUP(A25,$A$342:$A$427,1,FALSE) -> #N/A | H25: =VLOOKUP(A25,$A$342:$E$427,5,FALSE) -> #N/A
A26: Blyth BESS | B26: Storage - Battery | C26: SA | D26: 200 MW / 400 MWh | E26: Existing | F26: S3 | G26: =VLOOKUP(A26,$A$342:$A$427,1,FALSE) -> #N/A | H26: =VLOOKUP(A26,$A$342:$E$427,5,FALSE) -> #N/A
A27: Boco Rock Wind Farm | B27: Wind | C27: NSW | D27: 113 | E27: Existing | F27: N9 | G27: =VLOOKUP(A27,$A$342:$A$427,1,FALSE) -> #N/A | H27: =VLOOKUP(A27,$A$342:$E$427,5,FALSE) -> #N/A
A28: Bodangora Wind Farm | B28: Wind | C28: NSW | D28: 111 | E28: Existing | F28: N3 | G28: =VLOOKUP(A28,$A$342:$A$427,1,FALSE) -> #N/A | H28: =VLOOKUP(A28,$A$342:$E$427,5,FALSE) -> #N/A
A29: Bolivar Waste Water Treatment Solar Plant | B29: Solar | C29: SA | D29: 11 | E29: Existing | F29: S3 | G29: =VLOOKUP(A29,$A$342:$A$427,1,FALSE) -> #N/A | H29: =VLOOKUP(A29,$A$342:$E$427,5,FALSE) -> #N/A
A30: Bomen Solar Farm | B30: Solar | C30: NSW | D30: 100 | E30: Existing | F30: N7 | G30: =VLOOKUP(A30,$A$342:$A$427,1,FALSE) -> #N/A | H30: =VLOOKUP(A30,$A$342:$E$427,5,FALSE) -> #N/A
A31: Boulder Creek Wind Farm - stage 1 | B31: Wind | C31: QLD | D31: 228 | E31: 46753 | F31: Q6 | G31: =VLOOKUP(A31,$A$342:$A$427,1,FALSE) -> Boulder Creek Wind Farm - stage 1 | H31: =VLOOKUP(A31,$A$342:$E$427,5,FALSE) -> 46753 | I31: TRUE | J31: TRUE | L31: Beau | M31: No change required
A32: Bouldercombe BESS | B32: Storage - Battery | C32: QLD | D32: 50 MW / 100 MWh | E32: Existing | F32: Q6 | G32: =VLOOKUP(A32,$A$342:$A$427,1,FALSE) -> #N/A | H32: =VLOOKUP(A32,$A$342:$E$427,5,FALSE) -> #N/A
A33: Brendale BESS | B33: Storage - Battery | C33: QLD | D33: 205 MW / 410 MWh | E33: 46174 | G33: =VLOOKUP(A33,$A$342:$A$427,1,FALSE) -> Brendale BESS | H33: =VLOOKUP(A33,$A$342:$E$427,5,FALSE) -> 46174 | I33: TRUE | J33: TRUE | L33: Beau | M33: No change required
A34: Broadsound BESS | B34: Storage - Battery | C34: QLD | D34: 180MW / 360MWh | E34: 46388 | F34: Q4 | G34: =VLOOKUP(A34,$A$342:$A$427,1,FALSE) -> Broadsound BESS | H34: =VLOOKUP(A34,$A$342:$E$427,5,FALSE) -> 46388 | I34: TRUE | J34: TRUE | L34: Beau | M34: No change required
A35: Broadsound Solar Farm | B35: Solar | C35: QLD | D35: 296 | E35: 46235 | F35: Q4 | G35: =VLOOKUP(A35,$A$342:$A$427,1,FALSE) -> Broadsound Solar Farm | H35: =VLOOKUP(A35,$A$342:$E$427,5,FALSE) -> 46388 | I35: TRUE | J35: TRUE | L35: Beau | M35: No change required
A36: Broken Hill Battery | B36: Storage - Battery | C36: NSW | D36: 50 MW / 50 MWh | E36: Existing | F36: N4 | G36: =VLOOKUP(A36,$A$342:$A$427,1,FALSE) -> #N/A | H36: =VLOOKUP(A36,$A$342:$E$427,5,FALSE) -> #N/A
A37: Broken Hill Solar Plant | B37: Solar | C37: NSW | D37: 53 | E37: Existing | F37: N5 | G37: =VLOOKUP(A37,$A$342:$A$427,1,FALSE) -> #N/A | H37: =VLOOKUP(A37,$A$342:$E$427,5,FALSE) -> #N/A
A38: Bulabul BESS | B38: Storage - Battery | C38: NSW | D38: 300 MW / 600 MWh | E38: 46447 | G38: =VLOOKUP(A38,$A$342:$A$427,1,FALSE) -> #N/A | H38: =VLOOKUP(A38,$A$342:$E$427,5,FALSE) -> #N/A | I38: FALSE | J38: FALSE | M38: Added 24/12/2025
A39: Bulgana Green Power Hub - BESS | B39: Storage - Battery | C39: VIC | D39: 20 MW / 34 MWh | E39: Existing | F39: V3 | G39: =VLOOKUP(A39,$A$342:$A$427,1,FALSE) -> #N/A | H39: =VLOOKUP(A39,$A$342:$E$427,5,FALSE) -> #N/A
A40: Bulgana Wind Farm | B40: Wind | C40: VIC | D40: 204 | E40: Existing | F40: V3 | G40: =VLOOKUP(A40,$A$342:$A$427,1,FALSE) -> #N/A | H40: =VLOOKUP(A40,$A$342:$E$427,5,FALSE) -> #N/A
A41: Bundaberg Solar Farm | B41: Solar | C41: QLD | D41: 78 | E41: 46082 | F41: Q7 | G41: =VLOOKUP(A41,$A$342:$A$427,1,FALSE) -> Bundaberg Solar Farm | H41: =VLOOKUP(A41,$A$342:$E$427,5,FALSE) -> 45992 | I41: TRUE | J41: TRUE | L41: Beau | M41: Date changed on 24/12/2025
A42: Bungala Solar Farm - stage 1 | B42: Solar | C42: SA | D42: 110 | E42: Existing | F42: S5 | G42: =VLOOKUP(A42,$A$342:$A$427,1,FALSE) -> #N/A | H42: =VLOOKUP(A42,$A$342:$E$427,5,FALSE) -> #N/A
A43: Bungala Solar Farm - stage 2 | B43: Solar | C43: SA | D43: 110 | E43: Existing | F43: S5 | G43: =VLOOKUP(A43,$A$342:$A$427,1,FALSE) -> #N/A | H43: =VLOOKUP(A43,$A$342:$E$427,5,FALSE) -> #N/A
A44: Bungama BESS | B44: Storage - Battery | C44: SA | D44: 150 MW / 300 MWh | E44: 46143 | F44: S5 | G44: =VLOOKUP(A44,$A$342:$A$427,1,FALSE) -> Bungama BESS | H44: =VLOOKUP(A44,$A$342:$E$427,5,FALSE) -> 46082 | I44: TRUE | J44: TRUE | L44: Beau | M44: Date changed on 24/12/2025
A45: Calala BESS | B45: Storage - Battery | C45: NSW | D45: 250 MW / 500 MWh | E45: 46478 | F45: N1 | G45: =VLOOKUP(A45,$A$342:$A$427,1,FALSE) -> Calala BESS | H45: =VLOOKUP(A45,$A$342:$E$427,5,FALSE) -> 46296 | I45: TRUE | J45: TRUE | L45: Beau | M45: Date changed on 24/12/2025
A46: Canunda Wind Farm | B46: Wind | C46: SA | D46: 46 | E46: Existing | F46: S1 | G46: =VLOOKUP(A46,$A$342:$A$427,1,FALSE) -> #N/A | H46: =VLOOKUP(A46,$A$342:$E$427,5,FALSE) -> #N/A
A47: Capital Battery | B47: Storage - Battery | C47: NSW | D47: 100 MW / 200 MWh | E47: Existing | G47: =VLOOKUP(A47,$A$342:$A$427,1,FALSE) -> #N/A | H47: =VLOOKUP(A47,$A$342:$E$427,5,FALSE) -> #N/A
A48: Capital Wind Farm | B48: Wind | C48: NSW | D48: 140 | E48: Existing | F48: N7 | G48: =VLOOKUP(A48,$A$342:$A$427,1,FALSE) -> #N/A | H48: =VLOOKUP(A48,$A$342:$E$427,5,FALSE) -> #N/A
A49: Carwarp Energy Park - Solar Farm | B49: Solar | C49: VIC | D49: 150 | E49: 46569 | F49: V2 | G49: =VLOOKUP(A49,$A$342:$A$427,1,FALSE) -> Carwarp Energy Park - Solar Farm | H49: =VLOOKUP(A49,$A$342:$E$427,5,FALSE) -> 46569 | I49: FALSE | J49: FALSE
A50: Cathedral Rocks Wind Farm | B50: Wind | C50: SA | D50: 66 | E50: Existing | F50: S8 | G50: =VLOOKUP(A50,$A$342:$A$427,1,FALSE) -> #N/A | H50: =VLOOKUP(A50,$A$342:$E$427,5,FALSE) -> #N/A
A51: Challicum Hills Wind Farm | B51: Wind | C51: VIC | D51: 52 | E51: Existing | F51: V3 | G51: =VLOOKUP(A51,$A$342:$A$427,1,FALSE) -> #N/A | H51: =VLOOKUP(A51,$A$342:$E$427,5,FALSE) -> #N/A
A52: Chepstowe Wind Farm | B52: Wind | C52: VIC | D52: 6 | E52: Existing | F52: V3 | G52: =VLOOKUP(A52,$A$342:$A$427,1,FALSE) -> #N/A | H52: =VLOOKUP(A52,$A$342:$E$427,5,FALSE) -> #N/A
A53: Cherry Tree Wind Farm | B53: Wind | C53: VIC | D53: 57 | E53: Existing | F53: V1 | G53: =VLOOKUP(A53,$A$342:$A$427,1,FALSE) -> #N/A | H53: =VLOOKUP(A53,$A$342:$E$427,5,FALSE) -> #N/A
A54: Childers Solar Farm | B54: Solar | C54: QLD | D54: 56 | E54: Existing | F54: Q7 | G54: =VLOOKUP(A54,$A$342:$A$427,1,FALSE) -> #N/A | H54: =VLOOKUP(A54,$A$342:$E$427,5,FALSE) -> #N/A
A55: Chinchilla BESS | B55: Storage - Battery | C55: QLD | D55: 100 MW / 200 MWh | E55: Existing | F55: Q8 | G55: =VLOOKUP(A55,$A$342:$A$427,1,FALSE) -> #N/A | H55: =VLOOKUP(A55,$A$342:$E$427,5,FALSE) -> #N/A
A56: Clare Solar Farm | B56: Solar | C56: QLD | D56: 100 | E56: Existing | F56: Q3 | G56: =VLOOKUP(A56,$A$342:$A$427,1,FALSE) -> #N/A | H56: =VLOOKUP(A56,$A$342:$E$427,5,FALSE) -> #N/A
A57: Clarke Creek Wind Farm - Stage 1 | B57: Wind | C57: QLD | D57: 450 | E57: 45901 | F57: Q4 | G57: =VLOOKUP(A57,$A$342:$A$427,1,FALSE) -> Clarke Creek Wind Farm - Stage 1 | H57: =VLOOKUP(A57,$A$342:$E$427,5,FALSE) -> 45901 | I57: TRUE | J57: TRUE | L57: Beau
A58: Clements Gap BESS | B58: Storage - Battery | C58: SA | D58: 60 MW / 143 MWh | E58: 46143 | G58: =VLOOKUP(A58,$A$342:$A$427,1,FALSE) -> Clements Gap BESS | H58: =VLOOKUP(A58,$A$342:$E$427,5,FALSE) -> 46204 | I58: TRUE | J58: TRUE | L58: Beau | M58: Date changed on 24/12/2025
A59: Clements Gap Wind Farm | B59: Wind | C59: SA | D59: 57 | E59: Existing | F59: S3 | G59: =VLOOKUP(A59,$A$342:$A$427,1,FALSE) -> #N/A | H59: =VLOOKUP(A59,$A$342:$E$427,5,FALSE) -> #N/A
A60: Clermont Solar Farm | B60: Solar | C60: QLD | D60: 75 | E60: Existing | F60: Q4 | G60: =VLOOKUP(A60,$A$342:$A$427,1,FALSE) -> #N/A | H60: =VLOOKUP(A60,$A$342:$E$427,5,FALSE) -> #N/A
A61: Codrington Wind Farm | B61: Wind | C61: VIC | D61: 18 | E61: Existing | F61: V4 | G61: =VLOOKUP(A61,$A$342:$A$427,1,FALSE) -> #N/A | H61: =VLOOKUP(A61,$A$342:$E$427,5,FALSE) -> #N/A
A62: Cohuna Solar Farm | B62: Solar | C62: VIC | D62: 27 | E62: Existing | F62: V2 | G62: =VLOOKUP(A62,$A$342:$A$427,1,FALSE) -> #N/A | H62: =VLOOKUP(A62,$A$342:$E$427,5,FALSE) -> #N/A
A63: Coleambally Solar Farm | B63: Solar | C63: NSW | D63: 150 | E63: Existing | F63: N6 | G63: =VLOOKUP(A63,$A$342:$A$427,1,FALSE) -> #N/A | H63: =VLOOKUP(A63,$A$342:$E$427,5,FALSE) -> #N/A
A64: Collector Wind Farm | B64: Wind | C64: NSW | D64: 219 | E64: Existing | F64: N4 | G64: =VLOOKUP(A64,$A$342:$A$427,1,FALSE) -> #N/A | H64: =VLOOKUP(A64,$A$342:$E$427,5,FALSE) -> #N/A
A65: Collinsville PV | B65: Solar | C65: QLD | D65: 40 | E65: Existing | F65: Q4 | G65: =VLOOKUP(A65,$A$342:$A$427,1,FALSE) -> #N/A | H65: =VLOOKUP(A65,$A$342:$E$427,5,FALSE) -> #N/A
A66: Columboola Solar Farm | B66: Solar | C66: QLD | D66: 162 | E66: Existing | F66: Q8 | G66: =VLOOKUP(A66,$A$342:$A$427,1,FALSE) -> #N/A | H66: =VLOOKUP(A66,$A$342:$E$427,5,FALSE) -> #N/A
A67: Coonooer Bridge Wind Farm | B67: Wind | C67: VIC | D67: 20 | E67: Existing | F67: V2 | G67: =VLOOKUP(A67,$A$342:$A$427,1,FALSE) -> #N/A | H67: =VLOOKUP(A67,$A$342:$E$427,5,FALSE) -> #N/A
A68: Coopers Gap Wind Farm | B68: Wind | C68: QLD | D68: 453 | E68: Existing | F68: Q8 | G68: =VLOOKUP(A68,$A$342:$A$427,1,FALSE) -> #N/A | H68: =VLOOKUP(A68,$A$342:$E$427,5,FALSE) -> #N/A
A69: Coppabella Wind Farm | B69: Wind | C69: NSW | D69: 275 | E69: 46935 | F69: N7 | G69: =VLOOKUP(A69,$A$342:$A$427,1,FALSE) -> Coppabella Wind Farm | H69: =VLOOKUP(A69,$A$342:$E$427,5,FALSE) -> 46935 | I69: TRUE | J69: TRUE | L69: Beau
A70: Corowa Solar Farm | B70: Solar | C70: NSW | D70: 30 | E70: Existing | F70: N7 | G70: =VLOOKUP(A70,$A$342:$A$427,1,FALSE) -> #N/A | H70: =VLOOKUP(A70,$A$342:$E$427,5,FALSE) -> #N/A
A71: Crookwell 2 Wind Farm | B71: Wind | C71: NSW | D71: 91 | E71: Existing | F71: N7 | G71: =VLOOKUP(A71,$A$342:$A$427,1,FALSE) -> #N/A | H71: =VLOOKUP(A71,$A$342:$E$427,5,FALSE) -> #N/A
A72: Crookwell 3 Wind Farm | B72: Wind | C72: NSW | D72: 58 | E72: Existing | F72: N7 | G72: =VLOOKUP(A72,$A$342:$A$427,1,FALSE) -> #N/A | H72: =VLOOKUP(A72,$A$342:$E$427,5,FALSE) -> #N/A
A73: Crookwell Wind Farm | B73: Wind | C73: NSW | D73: 5 | E73: Existing | F73: N7 | G73: =VLOOKUP(A73,$A$342:$A$427,1,FALSE) -> #N/A | H73: =VLOOKUP(A73,$A$342:$E$427,5,FALSE) -> #N/A
A74: Crowlands Wind Farm | B74: Wind | C74: VIC | D74: 79 | E74: Existing | F74: V3 | G74: =VLOOKUP(A74,$A$342:$A$427,1,FALSE) -> #N/A | H74: =VLOOKUP(A74,$A$342:$E$427,5,FALSE) -> #N/A
A75: Crudine Ridge Wind Farm | B75: Wind | C75: NSW | D75: 138 | E75: Existing | F75: N3 | G75: =VLOOKUP(A75,$A$342:$A$427,1,FALSE) -> #N/A | H75: =VLOOKUP(A75,$A$342:$E$427,5,FALSE) -> #N/A
A76: Culcairn Solar Farm | B76: Solar | C76: NSW | D76: 350 | E76: 45870 | F76: N6 | G76: =VLOOKUP(A76,$A$342:$A$427,1,FALSE) -> Culcairn Solar Farm | H76: =VLOOKUP(A76,$A$342:$E$427,5,FALSE) -> 46023 | I76: TRUE | J76: TRUE | L76: Beau | M76: Date changed on 24/12/2025
A77: Cullerin Range Wind Farm | B77: Wind | C77: NSW | D77: 30 | E77: Existing | F77: N7 | G77: =VLOOKUP(A77,$A$342:$A$427,1,FALSE) -> #N/A | H77: =VLOOKUP(A77,$A$342:$E$427,5,FALSE) -> #N/A
A78: Dalrymple BESS | B78: Storage - Battery | C78: SA | D78: 30 MW / 8 MWh | E78: Existing | F78: S4 | G78: =VLOOKUP(A78,$A$342:$A$427,1,FALSE) -> #N/A | H78: =VLOOKUP(A78,$A$342:$E$427,5,FALSE) -> #N/A
A79: Darling Downs Solar Farm | B79: Solar | C79: QLD | D79: 108 | E79: Existing | F79: Q8 | G79: =VLOOKUP(A79,$A$342:$A$427,1,FALSE) -> #N/A | H79: =VLOOKUP(A79,$A$342:$E$427,5,FALSE) -> #N/A
A80: Darlington Point Solar Farm | B80: Solar | C80: NSW | D80: 275 | E80: Existing | F80: N6 | G80: =VLOOKUP(A80,$A$342:$A$427,1,FALSE) -> #N/A | H80: =VLOOKUP(A80,$A$342:$E$427,5,FALSE) -> #N/A
A81: Daydream Solar Farm | B81: Solar | C81: QLD | D81: 150 | E81: Existing | F81: Q4 | G81: =VLOOKUP(A81,$A$342:$A$427,1,FALSE) -> #N/A | H81: =VLOOKUP(A81,$A$342:$E$427,5,FALSE) -> #N/A
A82: Diapur Wind Farm | B82: Wind | C82: VIC | D82: 8 | E82: Existing | F82: V3 | G82: =VLOOKUP(A82,$A$342:$A$427,1,FALSE) -> #N/A | H82: =VLOOKUP(A82,$A$342:$E$427,5,FALSE) -> #N/A
A83: Dugald River Solar Farm | B83: Solar | C83: QLD | D83: 88 | E83: 49126 | F83: Q2 | G83: =VLOOKUP(A83,$A$342:$A$427,1,FALSE) -> Dugald River Solar Farm | H83: =VLOOKUP(A83,$A$342:$E$427,5,FALSE) -> 48030 | I83: TRUE | J83: TRUE | L83: Beau | M83: Ignore - Mount ISA project
A84: Dulacca Wind Farm | B84: Wind | C84: QLD | D84: 173 | E84: Existing | F84: Q8 | G84: =VLOOKUP(A84,$A$342:$A$427,1,FALSE) -> #N/A | H84: =VLOOKUP(A84,$A$342:$E$427,5,FALSE) -> #N/A
A85: Dunblane Solar Farm | B85: Solar | C85: QLD | D85: 7 | E85: Existing | F85: Q5 | G85: =VLOOKUP(A85,$A$342:$A$427,1,FALSE) -> #N/A | H85: =VLOOKUP(A85,$A$342:$E$427,5,FALSE) -> #N/A
A86: Dundonnell Wind Farm | B86: Wind | C86: VIC | D86: 336 | E86: Existing | F86: V4 | G86: =VLOOKUP(A86,$A$342:$A$427,1,FALSE) -> #N/A | H86: =VLOOKUP(A86,$A$342:$E$427,5,FALSE) -> #N/A
A87: Edenvale Solar Farm | B87: Solar | C87: QLD | D87: 146 | E87: Existing | F87: Q8 | G87: =VLOOKUP(A87,$A$342:$A$427,1,FALSE) -> #N/A | H87: =VLOOKUP(A87,$A$342:$E$427,5,FALSE) -> #N/A
A88: Elaine BESS (Akaysha) | B88: Storage - Battery | C88: VIC | D88: 311 MW / 1244 MWh | E88: 46508 | G88: =VLOOKUP(A88,$A$342:$A$427,1,FALSE) -> #N/A | H88: =VLOOKUP(A88,$A$342:$E$427,5,FALSE) -> #N/A | M88: Added 24/12/2025
A89: Emerald Solar Farm | B89: Solar | C89: QLD | D89: 72 | E89: Existing | F89: Q4 | G89: =VLOOKUP(A89,$A$342:$A$427,1,FALSE) -> #N/A | H89: =VLOOKUP(A89,$A$342:$E$427,5,FALSE) -> #N/A
A90: Eraring Battery | B90: Storage - Battery | C90: NSW | D90: 460 MW / 1770 MWh | E90: 46023 | F90: N3 | G90: =VLOOKUP(A90,$A$342:$A$427,1,FALSE) -> Eraring Battery | H90: =VLOOKUP(A90,$A$342:$E$427,5,FALSE) -> 46204 | I90: TRUE | J90: TRUE | L90: Beau | M90: No change required
A91: Eraring Big Battery - Stage 2 | B91: Storage - Battery | C91: NSW | D91: 240MW / 1030MWh | E91: 46388 | F91: N3 | G91: =VLOOKUP(A91,$A$342:$A$427,1,FALSE) -> Eraring Big Battery - Stage 2 | H91: =VLOOKUP(A91,$A$342:$E$427,5,FALSE) -> 46569 | I91: TRUE | J91: TRUE | L91: Beau | M91: Date changed on 24/12/2025
A92: Finley Solar Farm | B92: Solar | C92: NSW | D92: 133 | E92: Existing | F92: N6 | G92: =VLOOKUP(A92,$A$342:$A$427,1,FALSE) -> #N/A | H92: =VLOOKUP(A92,$A$342:$E$427,5,FALSE) -> #N/A
A93: Flyers Creek Wind Farm | B93: Wind | C93: NSW | D93: 144 | E93: Existing | F93: N3 | G93: =VLOOKUP(A93,$A$342:$A$427,1,FALSE) -> #N/A | H93: =VLOOKUP(A93,$A$342:$E$427,5,FALSE) -> #N/A
A94: Forest Glen Solar Farm | B94: Solar | C94: NSW | D94: 90 | E94: 46388 | F94: N3 | G94: =VLOOKUP(A94,$A$342:$A$427,1,FALSE) -> Forest Glen Solar Farm | H94: =VLOOKUP(A94,$A$342:$E$427,5,FALSE) -> 46388 | I94: TRUE | J94: TRUE | L94: Beau
A95: Fulham Solar Farm | B95: Solar | C95: VIC | D95: 80 | E95: 46631 | F95: V5 | G95: =VLOOKUP(A95,$A$342:$A$427,1,FALSE) -> Fulham Solar Farm | H95: =VLOOKUP(A95,$A$342:$E$427,5,FALSE) -> 46722 | I95: TRUE | J95: TRUE | L95: Beau | M95: Date changed on 24/12/2025
A96: Fulham Solar Farm - BESS | B96: Storage - Battery | C96: VIC | D96: 64 MW / 128 MWh | E96: 46753 | F96: V5 | G96: =VLOOKUP(A96,$A$342:$A$427,1,FALSE) -> Fulham Solar Farm - BESS | H96: =VLOOKUP(A96,$A$342:$E$427,5,FALSE) -> 46722 | I96: TRUE | J96: TRUE | L96: Beau | M96: No change required
A97: Gangarri Solar Farm | B97: Solar | C97: QLD | D97: 120 | E97: Existing | F97: Q8 | G97: =VLOOKUP(A97,$A$342:$A$427,1,FALSE) -> #N/A | H97: =VLOOKUP(A97,$A$342:$E$427,5,FALSE) -> #N/A
A98: Gannawarra Energy Storage | B98: Storage - Battery | C98: VIC | D98: 25 MW / 50 MWh | E98: Existing | F98: V2 | G98: =VLOOKUP(A98,$A$342:$A$427,1,FALSE) -> #N/A | H98: =VLOOKUP(A98,$A$342:$E$427,5,FALSE) -> #N/A
A99: Gannawarra Solar Farm | B99: Solar | C99: VIC | D99: 50 | E99: Existing | F99: V2 | G99: =VLOOKUP(A99,$A$342:$A$427,1,FALSE) -> #N/A | H99: =VLOOKUP(A99,$A$342:$E$427,5,FALSE) -> #N/A
A100: Girgarre Solar Farm | B100: Solar | C100: VIC | D100: 77 | E100: Existing | F100: V6 | G100: =VLOOKUP(A100,$A$342:$A$427,1,FALSE) -> #N/A | H100: =VLOOKUP(A100,$A$342:$E$427,5,FALSE) -> #N/A
A101: Glenellen Solar Farm | B101: Solar | C101: NSW | D101: 260 | E101: 46023 | F101: N6 | G101: =VLOOKUP(A101,$A$342:$A$427,1,FALSE) -> Glenellen Solar Farm | H101: =VLOOKUP(A101,$A$342:$E$427,5,FALSE) -> 46023 | I101: TRUE | J101: TRUE | L101: Beau
...

Sheet New RUG List Q2
A1: New RUG List
A3: Name | B3: Tech | C3: Region | D3: Export Limit | E3: Commissioning Start | F3: REZ | H3: Added? | I3: Checked | J3: Responsible | K3: Reviewed by | L3: Comments
A4: Bungama BESS | B4: Storage - Battery | C4: SA | D4: 150 MW / 300 MWh | F4: S5 | H4: TRUE | I4: FALSE
A5: Lockyer Valley Energy Project | B5: Gas | C5: QLD | D5: 116 MW | E5: 46357 | F5: Q8 | H5: TRUE | I5: TRUE | J5: Frank W | K5: Wriece M | L5: WM - Have we removed from the gas buildout after adding this in?
A6: Swanbank BESS | B6: Storage - Battery | C6: QLD | D6: 250 MW / 500 MWh | E6: 46082 | F6: Q8 | H6: TRUE | I6: TRUE | J6: Frank W | K6: Wriece M
A7: HAY SUN FARM | B7: Solar Farm | C7: NSW | D7: 110 MW | F7: N5 | H7: TRUE | I7: TRUE | J7: Jack S | K7: Wriece M
A8: Snowy 2.0 | B8: Hydro (long storage 16hr equivalent) | C8: NSW | D8: 2000 MW | F8: N7 | H8: TRUE | I8: TRUE | J8: Jack S | K8: Wriece M | L8: Likely already modelled please check?
A9: Maryvale Energy from Waste | B9: Gas | C9: VIC | D9: 70 MW | F9: V5 | H9: TRUE | I9: TRUE | J9: Wriece M | K9: Frank W
A10: Tailem Bend 3 BESS | B10: BESS | C10: SA | D10: 204 / 408 MWh | F10: S1 | H10: TRUE | I10: TRUE | J10: Wriece M | K10: Jack S
A11: Fosterville Solar Farm and BESS | B11: SF/BESS | C11: VIC | D11: 80 MW SF / 120 MW (240MWh) BESS | F11: V6 | H11: TRUE | I11: TRUE | J11: Wriece M | K11: Frank W
H12: FALSE | I12: FALSE
A14: Baringa Renewable Plant Assumptions Q2 25
A15: Project Name | B15: Tech | C15: Region | D15: Capacity | E15: Commercial Use Date | F15: REZ | H15: Added? | I15: Checked | J15: Responsible | K15: Reviewed by | L15: Comments
A16: Aldoga Solar Farm | B16: Solar | C16: QLD | D16: 380 | E16: 45870 | F16: Q6 | H16: TRUE | I16: TRUE | J16: Frank W | K16: Wriece M | L16: Already modelled - Changed commissioning date
A17: Borumba PHES | B17: Storage - Pumped Hydro | C17: QLD | D17: 1000 | E17: 49126 | H17: TRUE | I17: TRUE | J17: Frank W | K17: Wriece M | L17: Not a committed project based on latest RUGs received in Jul 25.
A18: Borumba PHES | B18: Storage - Pumped Hydro | C18: QLD | D18: 2000 | E18: 49491 | H18: TRUE | I18: TRUE | J18: Frank W | K18: Wriece M | L18: Not a committed project based on latest RUGs received in Jul 25.
A19: Boulder Creek Wind Farm - stage 1 | B19: Wind | C19: QLD | D19: 228 | E19: 46753 | F19: Q6 | H19: TRUE | I19: TRUE | J19: Frank W | K19: Wriece M | L19: Already modelled - Changed commissioning date
A20: Brendale BESS | B20: Storage - Battery | C20: QLD | D20: 205 MW / 410 MWh | E20: 46174 | H20: TRUE | I20: TRUE | J20: Frank W | K20: Wriece M | L20: Already modelled
A21: Broadsound BESS | B21: Storage - Battery | C21: QLD | D21: 180MW / 360MWh | E21: 46388 | F21: Q4 | H21: TRUE | I21: TRUE | J21: Frank W | K21: Wriece M | L21: Not a committed project based on latest RUGs received in Jul 25.
A22: Broadsound Solar Farm | B22: Solar | C22: QLD | D22: 296 | E22: 46388 | F22: Q4 | H22: TRUE | I22: TRUE | J22: Frank W | K22: Wriece M | L22: Already modelled
A23: Bundaberg Solar Farm | B23: Solar | C23: QLD | D23: 78 | E23: 45992 | F23: Q6 | H23: TRUE | I23: TRUE | J23: Frank W | K23: Wriece M | L23: Not a committed project based on latest RUGs received in Jul 25.
A24: Bungama BESS | B24: Storage - Battery | C24: SA | D24: 150 MW / 300 MWh | E24: 46082 | F24: S5 | H24: TRUE | I24: TRUE | J24: Wriece M | K24: Frank W
A25: Calala BESS | B25: Storage - Battery | C25: NSW | D25: 250 MW / 500 MWh | E25: 46296 | F25: N1 | H25: TRUE | I25: TRUE | J25: Jack S | K25: Wriece M | L25: Changed from 300 to 250
A26: Carwarp Energy Park - Solar Farm | B26: Solar | C26: VIC | D26: 171 | E26: 46569 | F26: V2 | H26: TRUE | I26: TRUE | J26: Wriece M | K26: Jack S | L26: Already modelled - Changed commissioning date
A27: Clarke Creek Wind Farm - Stage 1 | B27: Wind | C27: QLD | D27: 450 | E27: 45901 | F27: Q4 | H27: TRUE | I27: TRUE | J27: Frank W | K27: Wriece M | L27: Already modelled - Changed commissioning date
A28: Clements Gap BESS | B28: Storage - Battery | C28: SA | D28: 60 MW / 143 MWh | E28: 46204 | H28: TRUE | I28: TRUE | J28: Wriece M | K28: Frank W | L28: Already modelled
A29: Coppabella Wind Farm | B29: Wind | C29: NSW | D29: 275 | E29: 46935 | F29: N7 | H29: TRUE | I29: TRUE | J29: Jack S | K29: Wriece M
A30: Culcairn Solar Farm | B30: Solar | C30: NSW | D30: 350 | E30: 46023 | F30: N6 | H30: TRUE | I30: TRUE | J30: Jack S | K30: Wriece M | L30: WM - Commissioning date needs to be updated
A31: Dugald River Solar Farm | B31: Solar | C31: QLD | D31: 88 | E31: 48030 | F31: Q2 | H31: TRUE | I31: TRUE | J31: Frank W | K31: Wriece M | L31: Not modelled as it is a remote project at Mount Isa that is connected to main grid.
A32: Eraring Battery | B32: Storage - Battery | C32: NSW | D32: 460 MW / 1770 MWh | E32: 46204 | F32: N3 | H32: TRUE | I32: TRUE | J32: Jack S | K32: Wriece M | L32: Storage 2h -> 4h
A33: Eraring Big Battery - Stage 2 | B33: Storage - Battery | C33: NSW | D33: 240MW / 1030MWh | E33: 46569 | F33: N3 | H33: TRUE | I33: TRUE | J33: Jack S | K33: Wriece M | L33: Added stage 2
A34: Fulham Solar Farm | B34: Solar | C34: VIC | D34: 80 | E34: 46722 | F34: V5 | H34: TRUE | I34: TRUE | J34: Wriece M | K34: Frank W | L34: Already modelled - Changed commissioning date
A35: Fulham Solar Farm - BESS | B35: Storage - Battery | C35: VIC | D35: 64 MW / 128 MWh | E35: 46722 | F35: V5 | H35: TRUE | I35: TRUE | J35: Wriece M | K35: Jack S | L35: Already modelled - Changed commissioning date
A36: Glenellen Solar Farm | B36: Solar | C36: NSW | D36: 260 | E36: 46023 | F36: N6 | H36: TRUE | I36: TRUE | J36: Jack S | K36: Wriece M | L36: COD. Max capacity 200 -> 260.
A37: Golden Plains Wind Farm East | B37: Wind | C37: VIC | D37: 756 | E37: 45870 | F37: V4 | H37: TRUE | I37: TRUE | J37: Wriece M | K37: Frank W | L37: Already modelled - Changed commissioning date
A38: Golden Plains Wind Farm West | B38: Wind | C38: VIC | D38: 577 | E38: 46569 | F38: V4 | H38: TRUE | I38: TRUE | J38: Wriece M | K38: Jack S | L38: Already modelled - Changed commissioning date
A39: Goorambat East Solar Farm | B39: Solar | C39: VIC | D39: 250 | E39: 46388 | F39: V6 | H39: TRUE | I39: TRUE | J39: Wriece M | K39: Frank W | L39: Already modelled - Changed commissioning date
A40: Goulburn River BESS | B40: Storage - Battery | C40: NSW | D40: 49 MW / 392 MWh | E40: 46569 | H40: TRUE | I40: TRUE | J40: Jack S | K40: Wriece M | L40: Added. 8h BESS. PHES profile used.
A41: Goulburn River Solar Farm | B41: Solar | C41: NSW | D41: 450 | E41: 46204 | F41: N3 | H41: TRUE | I41: TRUE | J41: Jack S | K41: Wriece M | L41: COD
A42: Griffith BESS | B42: Storage - Battery | C42: NSW | D42: 100 MW / 800MWh | E42: 46935 | F42: N5 | H42: TRUE | I42: TRUE | J42: Jack S | K42: Wriece M | L42: Added. 8h BESS. PHES profile used.
A43: Gunsynd Solar Farm | B43: Solar | C43: QLD | D43: 94 | E43: 46204 | F43: Q8 | H43: TRUE | I43: TRUE | J43: Frank W | K43: Wriece M | L43: Not a committed project based on latest RUGs received in Jul 25.
A44: Hay Solar Farm | B44: Solar | C44: NSW | D44: 8 | E44: 46204 | F44: N5 | H44: TRUE | I44: TRUE | J44: Jack S | K44: Wriece M | L44: Ommitted. RUG assumptions used.
A45: Horsham Solar Farm | B45: Solar | C45: VIC | D45: 199 | E45: 46388 | F45: V3 | H45: TRUE | I45: TRUE | J45: Wriece M | K45: Jack S | L45: Already modelled - Changed commissioning date
A46: Horsham Solar Farm - BESS | B46: Storage - Battery | C46: VIC | D46: 100 MW / 200 MWh | E46: 46753 | F46: V3 | H46: TRUE | I46: TRUE | J46: Wriece M | K46: Frank W | L46: Uncommitted but still added
A47: Lancaster Solar Farm | B47: Solar | C47: VIC | D47: 80 | E47: 46327 | F47: V2 | H47: TRUE | I47: TRUE | J47: Wriece M | K47: Jack S | L47: Already modelled - Changed commissioning date
A48: Liddell BESS | B48: Storage - Battery | C48: NSW | D48: 500 MW / 1000 MWh | E48: 46023 | H48: TRUE | I48: TRUE | J48: Jack S | K48: Wriece M | L48: WM - Not included in add gen list
A49: Limestone Coast North BESS | B49: Storage - Battery | C49: SA | D49: 250 MW / 500 MWh | E49: 46419 | F49: S1 | H49: TRUE | I49: TRUE | J49: Wriece M | K49: Frank W | L49: Not currently committed but still added
A50: Limondale BESS | B50: Storage - Battery | C50: NSW | D50: 50 MW / 400 MWh | E50: 46204 | F50: N5 | H50: TRUE | I50: TRUE | J50: Jack S | K50: Wriece M | L50: Storage 2h -> 4h. COD.
A51: Lotus Creek Wind Farm | B51: Wind | C51: QLD | D51: 285 | E51: 46753 | F51: Q4 | H51: TRUE | I51: TRUE | J51: Frank W | K51: Wriece M | L51: Already modelled - Changed commissioning date
A52: Macintyre Wind Farm | B52: Wind | C52: QLD | D52: 923 | E52: 45962 | F52: Q8 | H52: TRUE | I52: TRUE | J52: Frank W | K52: Wriece M | L52: Already modelled - Changed commissioning date
A53: Mannum BESS | B53: Storage - Battery | C53: SA | D53: 100 MW / 200 MWh | E53: 45901 | F53: S3 | H53: TRUE | I53: TRUE | J53: Wriece M | K53: Jack S | L53: Already modelled
A54: Marulan BESS | B54: Storage - Battery | C54: NSW | D54: 81 MW / 162MWh | E54: 46388 | H54: TRUE | I54: TRUE | J54: Jack S | K54: Wriece M
A55: Marulan Solar Farm | B55: Solar | C55: NSW | D55: 152 | E55: 46569 | H55: TRUE | I55: TRUE | J55: Jack S | K55: Wriece M | L55: COD
A56: Maryvale Solar Farm | B56: Solar | C56: NSW | D56: 172 | E56: 46419 | F56: N3 | H56: TRUE | I56: TRUE | J56: Jack S | K56: Wriece M | L56: 81 -> 172. COD.
A57: Maryvale Solar Farm - BESS | B57: Storage - Battery | C57: NSW | D57: 172 MW / 372 MWh | E57: 46784 | F57: N3 | H57: TRUE | I57: TRUE | J57: Jack S | K57: Wriece M | L57: 91 -> 172
A58: Melbourne Renewable Energy Hub BESS | B58: Storage - Battery | C58: VIC | D58: 600 MW / 1600 MWh | E58: 46023 | H58: TRUE | I58: TRUE | J58: Wriece M | K58: Frank W | L58: Modelled
A59: Mornington BESS | B59: Storage - Battery | C59: VIC | D59: 240 MW / 480 MWh | E59: 46204 | H59: TRUE | I59: TRUE | J59: Wriece M | K59: Jack S | L59: Already modelled - Changed commissioning date
A60: Mortlake BESS | B60: Storage - Battery | C60: VIC | D60: 300 MW / 650 MWh | E60: 46447 | F60: V4 | H60: TRUE | I60: TRUE | J60: Wriece M | K60: Frank W | L60: Anticipated but still added
A61: Mount Hopeful Wind Farm | B61: Wind | C61: QLD | D61: 400 | E61: 46905 | F61: Q6 | H61: TRUE | I61: TRUE | J61: Frank W | K61: Wriece M | L61: Not a committed project based on latest RUGs received in Jul 25.
A62: Mulwala Solar Farm | B62: Solar | C62: NSW | D62: 25 | E62: 46447 | F62: N6 | H62: TRUE | I62: TRUE | J62: Jack S | K62: Wriece M | L62: 80 -> 25. COD.
A63: Munna Creek Solar Farm | B63: Solar | C63: QLD | D63: 120 | E63: 46023 | F63: Q7 | H63: TRUE | I63: TRUE | J63: Frank W | K63: Wriece M | L63: Not a committed project based on latest RUGs received in Jul 25.
A64: New England Solar Farm - Stage 2 | B64: Solar | C64: NSW | D64: 320 | E64: 46204 | F64: N2 | H64: TRUE | I64: TRUE | J64: Jack S | K64: Wriece M | L64: In service 720 -> 400. Added stage 2 separately.
A65: New England Solar Farm BESS | B65: Storage - Battery | C65: NSW | D65: 200 MW / 400 MWh | E65: 46569 | F65: N2 | H65: TRUE | I65: TRUE | J65: Jack S | K65: Wriece M | L65: COD. 50 -> 200. 1h -> 2h.
A66: Orana BESS | B66: Storage - Battery | C66: NSW | D66: 415 MW / 1660 MWh | E66: 46357 | H66: TRUE | I66: TRUE | J66: Jack S | K66: Wriece M | L66: COD
A67: Orange Community Renewable Energy Park - BESS | B67: Storage - Battery | C67: NSW | D67: 5 MW / 10 MWh | E67: 46204 | F67: N3 | H67: TRUE | I67: TRUE | J67: Jack S | K67: Wriece M | L67: Omit
A68: Orange Community Renewable Energy Park - Solar | B68: Solar | C68: NSW | D68: 5 | E68: 46204 | F68: N3 | H68: TRUE | I68: TRUE | J68: Jack S | K68: Wriece M | L68: Omit
A69: Parkes Solar Farm | B69: Solar | C69: NSW | D69: 51 | E69: 46023 | F69: N3 | H69: TRUE | I69: TRUE | J69: Jack S | K69: Wriece M | L69: Already in service and in snaps.
A70: Phoenix PHES | B70: Storage - Pumped Hydro | C70: NSW | D70: 800 MW / 11990 MWh | E70: 48396 | F70: N3 | H70: TRUE | I70: TRUE | J70: Jack S | K70: Wriece M | L70: Now included as per COD in 'CWO REZ Augmentations' (previous quarterly updates had this commented). Now tendered by ASL in 2025. EnergyCo have stated in previous reporting (e.g. NIS) that the PHES requires the southern extension, so southern extension mesh of CWO from Elong Energy Hub may need to be included in augmentation assumptions. It has an asterisk in ISP CWO base option augmentation, so Baringa may or may not assume it. Both assumptions have effects for Kerrs Creek WF.
A71: Quorn Park BESS | B71: Storage - Battery | C71: NSW | D71: 20 MW / 40 MWh | E71: 46569 | H71: TRUE | I71: TRUE | J71: Jack S | K71: Wriece M
A72: Quorn Park Solar Farm | B72: Solar | C72: NSW | D72: 85 | E72: 46204 | H72: TRUE | I72: TRUE | J72: Jack S | K72: Wriece M
A73: Richmond Valley BESS | B73: Storage - Battery | C73: NSW | D73: 275 MW / 2200 MWh | E73: 46569 | H73: TRUE | I73: TRUE | J73: Jack S | K73: Wriece M | L73: Added. 8h BESS. PHES profile used.
A74: Silver City Energy Storage | B74: Storage - Compressed Air | C74: NSW | D74: 200 MW / 1600 MWh | E74: 47088 | F74: N4 | H74: TRUE | I74: TRUE | J74: Jack S | K74: Wriece M | L74: Added. 8h BESS. PHES profile used.
A75: Smithfield BESS | B75: Storage - Battery | C75: NSW | D75: 65 MW / 130 MWh | E75: 46388 | H75: TRUE | I75: TRUE | J75: Jack S | K75: Wriece M | L75: 1h -> 2h. COD.
A76: Snowy 2.0 - stage 1 | B76: Storage - Pumped Hydro | C76: NSW | D76: 1020 | E76: 47119 | F76: N8 | H76: TRUE | I76: TRUE | J76: Jack S | K76: Wriece M
A77: Snowy 2.0 - stage 2 | B77: Storage - Pumped Hydro | C77: NSW | D77: 2040 | E77: 47484 | F77: N8 | H77: TRUE | I77: TRUE | J77: Jack S | K77: Wriece M | L77: Split to two stages. RUG max is 2000 MW rather than 2200
A78: Stanwell BESS | B78: Storage - Battery | C78: QLD | D78: 300 MW / 1200 MWh | E78: 46447 | H78: TRUE | I78: TRUE | J78: Frank W | K78: Wriece M | L78: Not a committed project based on latest RUGs received in Jul 25.
A79: Stoney Creek BESS | B79: Storage - Battery | C79: NSW | D79: 125 MW / 1000MWh | E79: 46935 | F79: N1 | H79: TRUE | I79: TRUE | J79: Jack S | K79: Wriece M | L79: Added. 8h BESS. PHES profile used.
A80: Summerfield BESS | B80: Storage - Battery | C80: SA | D80: 240 MW / 960 MWh | E80: 46204 | F80: S2 | H80: TRUE | I80: TRUE | J80: Wriece M | K80: Jack S
A81: Supernode Project | B81: Storage - Battery | C81: QLD | D81: 250 MW / 500 MWh | E81: 46023 | H81: TRUE | I81: TRUE | J81: Frank W | K81: Wriece M | L81: Already modelled - Changed commissioning date
A82: Supernode Project - BESS Stage 2 | B82: Storage - Battery | C82: QLD | D82: 250 MW / 1000 MWh | E82: 46204 | H82: TRUE | I82: TRUE | J82: Frank W | K82: Wriece M | L82: Already modelled - Changed commissioning date
A83: Swanbank BESS | B83: Storage - Battery | C83: QLD | D83: 250 MW / 500 MWh | E83: 45962 | H83: TRUE | I83: TRUE | J83: Frank W | K83: Wriece M
A84: Tarong BESS | B84: Storage - Battery | C84: QLD | D84: 300 MW / 600 MWh | E84: 45901 | H84: TRUE | I84: TRUE | J84: Frank W | K84: Wriece M | L84: Already modelled - Changed commissioning date
A85: Templers BESS | B85: Storage - Battery | C85: SA | D85: 111MW / 291MWh | E85: 45870 | F85: S3 | H85: TRUE | I85: TRUE | J85: Wriece M | K85: Frank W
A86: Terang BESS | B86: Storage - Battery | C86: VIC | D86: 100MW / 200MWh | E86: 46388 | F86: V4 | H86: TRUE | I86: TRUE | J86: Wriece M | K86: Jack S | L86: Modelled - Changed commissioning date
A87: Ulinda Park BESS | B87: Storage - Battery | C87: QLD | D87: 155 MW / 300 MWh | E87: 45992 | H87: TRUE | I87: TRUE | J87: Frank W | K87: Wriece M | L87: Already modelled - Changed commissioning date
A88: Uungula Wind Farm | B88: Wind | C88: NSW | D88: 400 | E88: 46966 | F88: N3 | H88: TRUE | I88: TRUE | J88: Jack S | K88: Wriece M | L88: In 'RES dev' under Kerrs. 414 -> 400. COD.
A89: Wambo Wind Farm | B89: Wind | C89: QLD | D89: 252 | E89: 46204 | F89: Q8 | H89: TRUE | I89: TRUE | J89: Frank W | K89: Wriece M | L89: Already modelled - Changed commissioning date
A90: Wambo Wind Farm - Stage 2 | B90: Wind | C90: QLD | D90: 254 | E90: 46569 | F90: Q8 | H90: TRUE | I90: TRUE | J90: Frank W | K90: Wriece M | L90: Already modelled - Changed commissioning date
A91: Wandoan South Solar Farm - Stage 2 | B91: Solar | C91: QLD | D91: 320 | E91: 46569 | F91: Q8 | H91: TRUE | I91: TRUE | J91: Frank W | K91: Wriece M | L91: Not a committed project based on latest RUGs received in Jul 25.
A92: Wangaratta Solar Farm - Stage 1 | B92: Solar | C92: VIC | D92: 26 | E92: 45992 | F92: V6 | H92: FALSE | I92: FALSE | J92: Wriece M | K92: Frank W | L92: Ignore
A93: Waratah Super Battery | B93: Storage - Battery | C93: NSW | D93: 850 MW / 1680 MWh | E93: 46023 | H93: TRUE | I93: TRUE | J93: Jack S | K93: Wriece M | L93: COD
A94: Western Downs BESS - Stage 2 | B94: Storage - Battery | C94: QLD | D94: 270 MW / 540MWh | E94: 46204 | F94: Q8 | H94: TRUE | I94: TRUE | J94: Frank W | K94: Wriece M | L94: Not a committed project based on latest RUGs received in Jul 25.
A95: Williamsdale BESS | B95: Storage - Battery | C95: NSW | D95: 250 MW / 500 MWh | E95: 46204 | F95: N7 | H95: TRUE | I95: TRUE | J95: Jack S | K95: Wriece M | L95: COD. 1h -> 2h.
A96: Woolooga BESS | B96: Storage - Battery | C96: QLD | D96: 200 MW / 400 MWh | E96: 46204 | F96: Q7 | H96: TRUE | I96: TRUE | J96: Frank W | K96: Wriece M | L96: Already modelled - Changed commissioning date
A97: Wooreen Energy Storage System (Jeeralang Battery) | B97: Storage - Battery | C97: VIC | D97: 350 MW / 1400 MWh | E97: 46722 | H97: TRUE | I97: TRUE | J97: Wriece M | K97: Jack S | L97: Modelled - Changed commissioning date

Sheet GLL List
A1: Name | B1: BusNum | C1: GenID | D1: Tech | E1: Portfolio | F1: Phase | G1: Location | H1: DC Capacity | I1: Export Limit | J1: NTP Date | K1: COD | L1: Status | M1: Included in reporting? | N1: GLL Update Req'd? | O1: GLL Received and Checked? | Q1: Added? | R1: Checked | S1: Responsible | T1: Reviewed by
A2: Moah Creek | B2: 80160 | C2: 51 | D2: Solar | E2: JV | F2: 2 | G2: QLD | I2: 285 | J2: 46600 | K2: 47423 | L2: Ok | M2: Included | Q2: FALSE | R2: TRUE | S2: Charlie G | T2: Frank W
A3: Wooderson | B3: 80308 | C3: 50 | D3: Solar | E3: JV | F3: 2 | G3: QLD | I3: 450 | J3: 46784 | K3: 47757 | L3: Ok | M3: Included | Q3: FALSE | R3: TRUE | S3: Charlie G | T3: Frank W
A4: Springdale | D4: Solar | E4: JV | F4: 3 | G4: NSW | I4: 100 | L4: Exclude - direction by Commercial - turn off | M4: Excluded | Q4: TRUE | R4: FALSE | S4: Jack | T4: Wriece
A5: Tallawang | B5: 80142 | C5: 11 | D5: Solar | E5: JV | F5: 3 | G5: NSW | I5: 500 | J5: 46357 | K5: 47453 | L5: Exclude - direction by Commercial - turn off | M5: Excluded | N5: Site is has access rights from ASL, so should leave connected but not report. Baringa confirmed on call that they model CWO as a lumped generator. | Q5: TRUE | R5: FALSE | S5: Jack | T5: Wriece
A6: Argoon | B6: 80031 | C6: 11 | D6: Onshore Wind | E6: RES-Only | F6: 2 | G6: NSW | I6: 612 | J6: 48761 | K6: 49919 | L6: Ok | M6: Included | Q6: FALSE | R6: TRUE | S6: Charlie G | T6: Jack S
A7: Bogandilla | B7: 46760 | C7: 76 | D7: Onshore Wind | E7: RES-Only | F7: 2 | G7: QLD | I7: 578 | J7: 47150 | K7: 48458 | L7: Ok | M7: Included | Q7: FALSE | R7: TRUE | S7: Charlie G | T7: Frank W
A8: Cannie | B8: 80026 | C8: 50 | D8: Onshore Wind | E8: RES-Only | F8: 2 | G8: VIC | I8: 1000.8 | J8: 47331 | K8: 48700 | L8: Ok | M8: Included | Q8: FALSE | R8: TRUE | S8: Charlie G | T8: Wriece M
A9: Kerrs Creek | B9: 80021 | C9: 80 | D9: Onshore Wind | E9: RES-Only | F9: 2 | G9: NSW | I9: 374 | J9: 46692 | K9: 47696 | L9: Ok | M9: Included | Q9: FALSE | R9: TRUE | S9: Charlie G | T9: Jack S
A10: Moah Creek | B10: 80160 | C10: 50 | D10: Onshore Wind | E10: JV | F10: 3 | G10: QLD | I10: 360 | J10: 46143 | K10: 47119 | L10: Ok | M10: Included | Q10: FALSE | R10: TRUE | S10: Charlie G | T10: Frank W
A11: Mount Sugarloaf | B11: 46240 | C11: 50 | D11: Onshore Wind | E11: JV | F11: 2 | G11: QLD | I11: 510 | J11: 47331 | K11: 48549 | L11: Ok | M11: Included | Q11: FALSE | R11: TRUE | S11: Charlie G | T11: Frank W
A12: Silver Eye (Tara) | B12: 46782 | C12: 50 | D12: Onshore Wind | E12: JV | F12: 1 | G12: QLD | I12: 799.2 | J12: 47849 | K12: 49218 | L12: Ok | M12: Included | Q12: FALSE | R12: TRUE | S12: Charlie G | T12: Frank W
A13: Tarong West | B13: 80116 | C13: 80 | D13: Onshore Wind | E13: RES-Only | F13: 3 | G13: QLD | I13: 436.5 | J13: 46174 | K13: 47757 | L13: Ok | M13: Included | Q13: FALSE | R13: TRUE | S13: Charlie G | T13: Frank W
A14: Watta Wella | B14: 32773 | C14: 55 | D14: Onshore Wind | E14: RES-Only | F14: 3 | G14: VIC | I14: 306 | J14: 46661 | K14: 47727 | L14: Ok | M14: Included | Q14: FALSE | R14: TRUE | S14: Charlie G | T14: Wriece M
A15: Gippsland | D15: Offshore Wind | E15: JV | F15: 2 | G15: VIC | I15: 560 | J15: 47484 | K15: 48761 | L15: Exclude - direction by Commercial - turn off | M15: Excluded | Q15: FALSE | R15: FALSE
A16: Goombargana | D16: Onshore Wind | E16: New Sites | F16: 1 | G16: NSW | I16: 1008 | J16: 47939 | K16: 49614 | L16: Include- direction by Commercial | M16: Excluded | N16: This quarter was not run but results from bespoke run were compared to Walla BESS and decision to use Walla BESS results in lieu was decided on | Q16: FALSE | R16: FALSE | S16: Jack | T16: Beau
A17: Bunyip North BESS | D17: Battery Storage | E17: RES-Only | F17: 2 | H17: 400 | J17: 46661 | K17: 47362 | L17: Include for this run - capacity changed to 400MW - direction commercial | Q17: TRUE | R17: TRUE | S17: Wriece M | T17: Beau
A18: Tragowel BESS | D18: Battery Storage | E18: New Sites | F18: 1 | H18: 500 | J18: 47484 | K18: 48092 | L18: Include for this run - direction commercial | Q18: TRUE | R18: TRUE | S18: Wriece M | T18: Beau
A19: Watta Wella BESS | D19: Battery Storage | E19: New Sites | F19: 1 | H19: 500 | J19: 47484 | K19: 48092 | L19: Include for this run - direction by commercial | Q19: TRUE | R19: TRUE | S19: Wriece M | T19: Beau
A20: Walla Walla BESS | D20: Battery Storage | E20: New Sites | F20: 1 | H20: 650 / 2hr | J20: 47119 | K20: 47727 | L20: Include for this run - direction by commercial | Q20: TRUE | R20: TRUE | S20: Jack | T20: Beau/Wriece

Sheet Scenario Checklist
A1: Scenario Checklist
C2: Baringa RC
A3: Augmentations | C3: Q3 2025 | D3: Q4 2025
A4: Name | B4: Region | C4: Date | D4: Date | E4: Complete? | F4: Checked? | H4: Responsible | I4: Reviewed by
A5: Project Energy Connect | B5: NSW-SA | C5: 46569 | D5: 46569 | E5: TRUE | F5: TRUE | H5: Wriece M | I5: Jack S
A6: Western Renewables Link | B6: VIC | C6: 47453 | D6: 47453 | E6: TRUE | F6: TRUE | H6: Wriece M | I6: Beau H
A7: CWO REZ | B7: NSW | C7: 46966 | D7: 47088 | E7: TRUE | F7: TRUE | H7: Wriece M | I7: Jack S
A8: Sydney Ring | B8: NSW | C8: 47088 | D8: 47088 | E8: TRUE | F8: TRUE | H8: Wriece M | I8: Jack S
A9: HumeLink | B9: NSW | C9: 47300 | D9: 47300 | E9: TRUE | F9: TRUE | H9: Wriece M | I9: Jack S
A10: Marinus Link | C10: 47818 | D10: 47818 | E10: TRUE | F10: TRUE | H10: Ignore
A11: New England REZ | B11: NSW | C11: 48396 | D11: 48396 | E11: TRUE | F11: TRUE | H11: Wriece M | I11: Jack S
A12: VNI West | B12: VIC - NSW | C12: 48030 | D12: 48030 | E12: TRUE | F12: TRUE | H12: Wriece M | I12: Beau H
A13: Copperstring East | B13: QLD | C13: 48030 | D13: 48030 | E13: TRUE | F13: TRUE | H13: Wriece M | I13: Frank W
A14: QLD Supergrid South | B14: QLD | C14: Removed | D14: Removed | E14: TRUE | F14: TRUE | H14: Wriece M | I14: Frank W
A15: Borumba Hydro | B15: QLD | C15: 49126 | D15: Cancelled | E15: TRUE | F15: TRUE | H15: Wriece M | I15: Frank W
A16: Snowy 2.0 | B16: NSW | C16: 47453 | D16: 47453 | E16: TRUE | F16: TRUE | H16: Wriece M | I16: Jack S
A17: Copperstring West | B17: QLD | C17: 49126 | D17: 49126 | E17: TRUE | F17: TRUE | H17: Wriece M | I17: Frank W
A18: Ross-Nebo | B18: QLD | C18: 50952 | D18: 50952 | E18: TRUE | F18: TRUE | H18: Wriece M | I18: Frank W
A19: Calvale-Wandoan | B19: QLD | C19: 50952 | D19: 50952 | E19: TRUE | F19: TRUE | H19: Wriece M | I19: Frank W
A20: QLD Supergrid North | B20: QLD | C20: Removed | D20: Removed | E20: TRUE | F20: TRUE | H20: Wriece M | I20: Frank W
A21: QNI Connect | B21: QLD - NSW | C21: 49126 | D21: 49126 | E21: TRUE | F21: TRUE | H21: Wriece M | I21: Frank W
A22: North west strengthening program | B22: VIC | D22: 49491 | E22: TRUE | F22: TRUE | H22: Wriece M | I22: Beau H
A23: South west expansion program | B23: VIC | D23: 48761 | E23: TRUE | F23: TRUE
E24: FALSE | F24: FALSE
C26: Baringa RC
A27: Coal Plant Closures | C27: Q3 2025 | D27: Q4 2025
A28: Name | B28: Region | C28: Date | D28: Date (FY) | E28: Complete? | F28: Checked? | H28: Responsible | I28: Reviewed by | U28: Key for dates retirement Baringa assumption - we assume mid way through year ie 1/7 which does not contravene the below footnote
A29: Liddell | B29: NSW | C29: 2022-2023 | D29: 2022-2023 | E29: TRUE | F29: TRUE | H29: Wriece M | I29: Beau H
A30: Eraring | B30: NSW | C30: 2028-2029 | D30: 2028-2029 | E30: TRUE | F30: TRUE | H30: Wriece M | I30: Beau H
A31: Vales Point B | B31: NSW | C31: 2032 | D31: 2031 | E31: TRUE | F31: TRUE | H31: Wriece M | I31: Beau H
A32: Bayswater | B32: NSW | C32: 2033-2034 | D32: 2033-2034 | E32: TRUE | F32: TRUE | H32: Wriece M | I32: Beau H
A33: Mount Piper | B33: NSW | C33: 2040 | D33: 2039 | E33: TRUE | F33: TRUE | H33: Wriece M | I33: Beau H
A34: Gladstone | B34: QLD | C34: 2029 | D34: 2029 | E34: TRUE | F34: TRUE | H34: Wriece M | I34: Frank W
A35: Callide B | B35: QLD | C35: 2032 | D35: 2032 | E35: TRUE | F35: TRUE | H35: Wriece M | I35: Frank W
A36: Tarong | B36: QLD | C36: 2034 | D36: 2034 | E36: TRUE | F36: TRUE | H36: Wriece M | I36: Frank W
A37: Tarong North | B37: QLD | C37: 2038 | D37: 2038 | E37: TRUE | F37: TRUE | H37: Wriece M | I37: Frank W
A38: Kogan Creek | B38: QLD | C38: 2043 | D38: 2043 | E38: TRUE | F38: TRUE | H38: Wriece M | I38: Frank W
A39: Callide C | B39: QLD | C39: 2040-2041 | D39: 2040-2041 | E39: TRUE | F39: TRUE | H39: Wriece M | I39: Frank W
A40: Stanwell | B40: QLD | C40: 2035-2036 | D40: 2035-2036 | E40: TRUE | F40: TRUE | H40: Wriece M | I40: Frank W
... A44: Loy Yang B | B44: VIC | C44: 2037-2038 | D44: 2037-2038 | E44: TRUE | F44: TRUE | H44: Wriece M | I44: Beau H
C46: Baringa RC
A47: Gas Plant Closures | C47: Q3 2025 | D47: Q4 2025
A48: Name | B48: Region | C48: Date | D48: Date (CY) | E48: Complete? | F48: Checked? | H48: Responsible | I48: Reviewed by
A49: Tallawarra | B49: NSW | C49: 2043 | D49: 2043 | E49: TRUE | F49: TRUE | H49: Wriece M | I49: Beau H
A50: Smithfield | B50: NSW | C50: 2044 | D50: 2044 | E50: TRUE | F50: TRUE | H50: Wriece M | I50: Beau H
A51: Uranquinty | B51: NSW | C51: 2044 | D51: 2044 | E51: TRUE | F51: TRUE | H51: Wriece M | I51: Beau H
A52: Swanbank E GT | B52: QLD | C52: 2036 | D52: 2036 | E52: TRUE | F52: TRUE | H52: Wriece M | I52: Frank W
A53: CPSA | B53: QLD | C53: 2039 | D53: 2039 | E53: TRUE | F53: TRUE | H53: Wriece M | I53: Frank W
A54: Mount Stuart | B54: QLD | C54: 2033-2044 | D54: 2033-2044 | E54: TRUE | F54: TRUE | H54: Wriece M | I54: Frank W
A55: Darling Downs | B55: QLD | C55: 2045 | D55: 2045 | E55: TRUE | F55: TRUE | H55: Wriece M | I55: Frank W
A56: Braemar | B56: QLD | C56: 2046 | D56: 2046 | E56: TRUE | F56: TRUE | H56: Wriece M | I56: Frank W
A57: Yabulu PS | B57: QLD | C57: 2046 | D57: 2046 | E57: TRUE | F57: TRUE | H57: Wriece M | I57: Frank W
A58: Braemar 2 | B58: QLD | C58: 2049 | D58: 2049 | E58: TRUE | F58: TRUE | H58: Wriece M | I58: Frank W
A59: Oakey PS | B59: QLD | C59: 2050 | D59: 2050 | E59: TRUE | F59: TRUE | H59: Wriece M | I59: Frank W
A60: Osborne | B60: SA | C60: 2028 | D60: 2028 | E60: TRUE | F60: TRUE | H60: Wriece M | I60: Beau H
A61: Torrens Island A | B61: SA | C61: 2023 | D61: 2023 | E61: TRUE | F61: TRUE | H61: Wriece M | I61: Beau H
A62: Dry Creek GT | B62: SA | C62: 2031 | D62: 2030 | E62: TRUE | F62: TRUE | H62: Wriece M | I62: Beau H
A63: Hallett GT | B63: SA | C63: 2033 | D63: 2032 | E63: TRUE | F63: TRUE | H63: Wriece M | I63: Beau H
A64: Torrens Island B | B64: SA | C64: 2031 | D64: 2028 | E64: TRUE | F64: TRUE | H64: Wriece M | I64: Beau H
... A67: Quarantine PS | B67: SA | C67: 2052-2055 | D67: 2044-2054 | E67: TRUE | F67: TRUE | H67: Wriece M | I67: Beau H
A68: Bell Bay Three | B68: TAS | C68: 2040 | D68: 2040 | E68: TRUE | F68: TRUE | H68: Ignore
A69: Somerton | B69: VIC | C69: 2034 | D69: 2033 | E69: TRUE | F69: TRUE | H69: Wriece M | I69: Beau H
A70: Jeeralang A | B70: VIC | C70: 2040 | D70: 2039 | E70: TRUE | F70: TRUE | H70: Wriece M | I70: Beau H
A71: Jeeralang B | B71: VIC | C71: 2040 | D71: 2039 | E71: TRUE | F71: TRUE | H71: Wriece M | I71: Beau H
A72: Newport | B72: VIC | C72: 2040 | D72: 2039 | E72: TRUE | F72: TRUE | H72: Wriece M | I72: Beau H
A73: Mortlake | B73: VIC | C73: 2048 | D73: 2047 | E73: TRUE | F73: TRUE | H73: Wriece M | I73: Beau H
A75: Gas Plant Build | B75: Region | D75: Q4 2025
A76: Name | B76: Region | C76: Date | D76: Date (CY) | E76: Complete? | F76: Checked? | H76: Responsible | I76: Reviewed by
B77: QLD | E77: TRUE | F77: TRUE | H77: Beau H | I77: Wriece M
B78: NSW | E78: TRUE | F78: TRUE | H78: Beau H | I78: Wriece M
B79: VIC | E79: TRUE | F79: TRUE | H79: Beau H | I79: Wriece M
B80: SA | E80: TRUE | F80: TRUE | H80: Beau H | I80: Wriece M
A82: Notional Buildout | C82: Baringa RC
A83: Name | B83: Region | C83: Complete? | D83: Checked? | E83: Comments | H83: Responsible | I83: Reviewed by
A84: Buildout Summary | B84: QLD | C84: TRUE | D84: TRUE | H84: Wriece M | I84: Frank W
A85: Buildout Allocation | B85: QLD | C85: TRUE | D85: TRUE | H85: Wriece M | I85: Frank W
A86: Notional Gen Calculations | B86: QLD | C86: TRUE | D86: TRUE | H86: Wriece M | I86: Frank W
A87: Notional Gen buildout | B87: QLD | C87: TRUE | D87: TRUE | H87: Wriece M | I87: Frank W
A88: DER Buildout | B88: QLD | C88: TRUE | D88: TRUE | H88: Wriece M | I88: Frank W
A89: Buildout Summary | B89: NSW | C89: TRUE | D89: TRUE | H89: Wriece M | I89: Jack S
A90: Buildout Allocation | B90: NSW | C90: TRUE | D90: TRUE | H90: Wriece M | I90: Jack S
A91: Notional Gen Calculations | B91: NSW | C91: TRUE | D91: TRUE | H91: Wriece M | I91: Jack S
A92: Notional Gen buildout | B92: NSW | C92: TRUE | D92: TRUE | H92: Wriece M | I92: Jack S
A93: DER Buildout | B93: NSW | C93: TRUE | D93: TRUE | H93: Wriece M | I93: Jack S
A94: Buildout Summary | B94: VIC | C94: TRUE | D94: TRUE | H94: Wriece M | I94: Beau H
A95: Buildout Allocation | B95: VIC | C95: TRUE | D95: TRUE | H95: Wriece M | I95: Beau H
... A103: DER Buildout | B103: SA | C103: TRUE | D103: TRUE | H103: Wriece M | I103: Beau H
A105: mod_load | C105: Baringa RC
A106: Name | B106: Region | C106: Complete? | D106: Checked? | E106: Comments | H106: Responsible | I106: Reviewed by
A107: Buildout Summary | B107: All | C107: TRUE | D107: TRUE | H107: Wriece M | I107: Beau H

Sheet RUG compare
A1: 20250714 Download - https://reshive.sharepoint.com/:f:/r/sites/Hive_1556/Shared%20Documents/01%20Knowledge%20Base/07%20AEMO%20Snapshots%20and%20RUGs?csf=1&web=1&e=FdNpmd | J1: 20250317 in 1_For_current_studies
A2: NSW | C2: VIC | E2: SA | G2: QLD | J2: NSW | K2: VIC | L2: SA | M2: QLD
A3: Appin Power Station | B3: =IF(ISNA(VLOOKUP(A3,J:J,1,FALSE)),"Add Gen","Modelled prev") -> Modelled prev | C3: Axedale Solar Farm & BESS | D3: =IF(ISNA(VLOOKUP(C3,K:K,1,FALSE)),"Add Gen","Modelled prev") -> Modelled prev | E3: Adelaide Desalination Plant | F3: =IF(ISNA(VLOOKUP(E3,L:L,1,FALSE)),"Add Gen","Modelled prev") -> Modelled prev | G3: Aldoga Solar Farm | H3: =IF(ISNA(VLOOKUP(G3,M:M,1,FALSE)),"Add Gen","Modelled prev") -> Modelled prev | J3: Appin Power Station | K3: Axedale Solar Farm & BESS | L3: Adelaide Desalination Plant | M3: Aldoga Solar Farm
A4: Argyle Solar Farm | B4: =IF(ISNA(VLOOKUP(A4,J:J,1,FALSE)),"Add Gen","Modelled prev") -> Modelled prev | C4: Ballarat Battery Energy Storage System | D4: =IF(ISNA(VLOOKUP(C4,K:K,1,FALSE)),"Add Gen","Modelled prev") -> Modelled prev | E4: Barker Inlet Power Station | F4: =IF(ISNA(VLOOKUP(E4,L:L,1,FALSE)),"Add Gen","Modelled prev") -> Modelled prev | G4: Alligator Creek SVC | H4: =IF(ISNA(VLOOKUP(G4,M:M,1,FALSE)),"Add Gen","Modelled prev") -> Modelled prev | J4: Argyle Solar Farm | K4: Ballarat Battery Energy Storage System | L4: Barker Inlet Power Station | M4: Alligator Creek SVC
A5: Avonlie Solar Farm | B5: =IF(ISNA(VLOOKUP(A5,J:J,1,FALSE)),"Add Gen","Modelled prev") -> Modelled prev | C5: Bannerton Solar Farm | D5: =IF(ISNA(VLOOKUP(C5,K:K,1,FALSE)),"Add Gen","Modelled prev") -> Modelled prev | E5: Blyth BESS | F5: =IF(ISNA(VLOOKUP(E5,L:L,1,FALSE)),"Add Gen","Modelled prev") -> Modelled prev | G5: Aramara Solar Farm | H5: =IF(ISNA(VLOOKUP(G5,M:M,1,FALSE)),"Add Gen","Modelled prev") -> Modelled prev | J5: Avonlie Solar Farm | K5: Bannerton Solar Farm | L5: Blyth BESS | M5: Aramara Solar Farm
A6: Bango 973 Wind Farm | B6: =IF(ISNA(VLOOKUP(A6,J:J,1,FALSE)),"Add Gen","Modelled prev") -> Modelled prev | C6: Berrybank 2 Wind Farm | D6: =IF(ISNA(VLOOKUP(C6,K:K,1,FALSE)),"Add Gen","Modelled prev") -> Modelled prev | E6: Bolivar Power Station | F6: =IF(ISNA(VLOOKUP(E6,L:L,1,FALSE)),"Add Gen","Modelled prev") -> Modelled prev | G6: Baking Board Solar Farm | H6: =IF(ISNA(VLOOKUP(G6,M:M,1,FALSE)),"Add Gen","Modelled prev") -> Modelled prev | J6: Bango 973 Wind Farm | K6: Berrybank 2 Wind Farm | L6: Bolivar Power Station | M6: Baking Board Solar Farm
A7: Bango 999 Wind Farm | B7: =IF(ISNA(VLOOKUP(A7,J:J,1,FALSE)),"Add Gen","Modelled prev") -> Modelled prev | C7: Bulgana Green Power Hub | D7: =IF(ISNA(VLOOKUP(C7,K:K,1,FALSE)),"Add Gen","Modelled prev") -> Modelled prev | E7: Bolivar Waste Water Treatment Plant | F7: =IF(ISNA(VLOOKUP(E7,L:L,1,FALSE)),"Add Gen","Modelled prev") -> Modelled prev | G7: Banksia Solar Farm | H7: =IF(ISNA(VLOOKUP(G7,M:M,1,FALSE)),"Add Gen","Modelled prev") -> Modelled prev | J7: Bango 999 Wind Farm | K7: Bulgana Green Power Hub | L7: Bolivar Waste Water Treatment Plant | M7: Banksia Solar Farm
A8: Bayswater Power Station Unit 1 | B8: =IF(ISNA(VLOOKUP(A8,J:J,1,FALSE)),"Add Gen","Modelled prev") -> Modelled prev | C8: Carag Solar Farm | D8: =IF(ISNA(VLOOKUP(C8,K:K,1,FALSE)),"Add Gen","Modelled prev") -> Modelled prev | E8: Bungala One Solar Farm | F8: =IF(ISNA(VLOOKUP(E8,L:L,1,FALSE)),"Add Gen","Modelled prev") -> Modelled prev | G8: Barcaldine Solar Farm | H8: =IF(ISNA(VLOOKUP(G8,M:M,1,FALSE)),"Add Gen","Modelled prev") -> Modelled prev | J8: Bayswater Power Station Unit 1 | K8: Carag Solar Farm | L8: Bungala One Solar Farm | M8: Barcaldine Solar Farm
A9: Bayswater Power Station Unit 2 | B9: =IF(ISNA(VLOOKUP(A9,J:J,1,FALSE)),"Add Gen","Modelled prev") -> Modelled prev | C9: Carisbrook Solar Farm | D9: =IF(ISNA(VLOOKUP(C9,K:K,1,FALSE)),"Add Gen","Modelled prev") -> Modelled prev | E9: Bungala Two Solar Farm | F9: =IF(ISNA(VLOOKUP(E9,L:L,1,FALSE)),"Add Gen","Modelled prev") -> Modelled prev | G9: Blackwater Gregory Dysart Moranbah MtMclaren SVCs | H9: =IF(ISNA(VLOOKUP(G9,M:M,1,FALSE)),"Add Gen","Modelled prev") -> Modelled prev | J9: Bayswater Power Station Unit 2 | K9: Carisbrook Solar Farm | L9: Bungala Two Solar Farm | M9: Blackwater Gregory Dysart Moranbah MtMclaren SVCs
A10: Bayswater Power Station Unit 3 | B10: =IF(ISNA(VLOOKUP(A10,J:J,1,FALSE)),"Add Gen","Modelled prev") -> Modelled prev | C10: Carwarp Solar Farm Canadian Solar | D10: =IF(ISNA(VLOOKUP(C10,K:K,1,FALSE)),"Add Gen","Modelled prev") -> Modelled prev | E10: Bungama Battery Energy Storage System (AMP) | F10: =IF(ISNA(VLOOKUP(E10,L:L,1,FALSE)),"Add Gen","Modelled prev") -> Modelled prev | G10: Bluegrass Solar Farm | H10: =IF(ISNA(VLOOKUP(G10,M:M,1,FALSE)),"Add Gen","Modelled prev") -> Modelled prev | J10: Bayswater Power Station Unit 3 | K10: Carwarp Solar Farm Canadian Solar | L10: Bungama Battery Energy Storage System (AMP) | M10: Bluegrass Solar Farm
A11: Bayswater Power Station Unit 4 | B11: =IF(ISNA(VLOOKUP(A11,J:J,1,FALSE)),"Add Gen","Modelled prev") -> Modelled prev | C11: Challicum Hills Wind Farm | D11: =IF(ISNA(VLOOKUP(C11,K:K,1,FALSE)),"Add Gen","Modelled prev") -> Modelled prev | E11: Christies Beach WWTP | F11: =IF(ISNA(VLOOKUP(E11,L:L,1,FALSE)),"Add Gen","Modelled prev") -> Modelled prev | G11: Boulder Creek Wind Farm | H11: =IF(ISNA(VLOOKUP(G11,M:M,1,FALSE)),"Add Gen","Modelled prev") -> Modelled prev | J11: Bayswater Power Station Unit 4 | K11: Challicum Hills Wind Farm | L11: Christies Beach WWTP | M11: Boulder Creek Wind Farm
A12: Beryl Solar Farm | B12: =IF(ISNA(VLOOKUP(A12,J:J,1,FALSE)),"Add Gen","Modelled prev") -> Modelled prev | C12: Codrington Wind Farm | D12: =IF(ISNA(VLOOKUP(C12,K:K,1,FALSE)),"Add Gen","Modelled prev") -> Modelled prev | E12: Clements Gap BESS | F12: =IF(ISNA(VLOOKUP(E12,L:L,1,FALSE)),"Add Gen","Modelled prev") -> Modelled prev | G12: Bouldercombe Battery Project | H12: =IF(ISNA(VLOOKUP(G12,M:M,1,FALSE)),"Add Gen","Modelled prev") -> Modelled prev | J12: Beryl Solar Farm | K12: Codrington Wind Farm | L12: Clements Gap BESS | M12: Bouldercombe Battery Project
A13: Biala Wind Farm | B13: =IF(ISNA(VLOOKUP(A13,J:J,1,FALSE)),"Add Gen","Modelled prev") -> Modelled prev | C13: Cohuna Solar Farm | D13: =IF(ISNA(VLOOKUP(C13,K:K,1,FALSE)),"Add Gen","Modelled prev") -> Modelled prev | E13: Clements Gap WF | F13: =IF(ISNA(VLOOKUP(E13,L:L,1,FALSE)),"Add Gen","Modelled prev") -> Modelled prev | G13: Braemar 1 Power Station | H13: =IF(ISNA(VLOOKUP(G13,M:M,1,FALSE)),"Add Gen","Modelled prev") -> Modelled prev | J13: Biala Wind Farm | K13: Cohuna Solar Farm | L13: Clements Gap WF | M13: Braemar 1 Power Station
A14: Bodangora Wind Farm | B14: =IF(ISNA(VLOOKUP(A14,J:J,1,FALSE)),"Add Gen","Modelled prev") -> Modelled prev | C14: Coonooer Bridge Wind Farm | D14: =IF(ISNA(VLOOKUP(C14,K:K,1,FALSE)),"Add Gen","Modelled prev") -> Modelled prev | E14: Dalrymple Battery Energy Storage System | F14: =IF(ISNA(VLOOKUP(E14,L:L,1,FALSE)),"Add Gen","Modelled prev") -> Modelled prev | G14: Braemar 2 Power Station | H14: =IF(ISNA(VLOOKUP(G14,M:M,1,FALSE)),"Add Gen","Modelled prev") -> Modelled prev | J14: Bodangora Wind Farm | K14: Coonooer Bridge Wind Farm | L14: Dalrymple Battery Energy Storage System | M14: Braemar 2 Power Station
... A59: Metz Solar Farm | B59: =IF(ISNA(VLOOKUP(A59,J:J,1,FALSE)),"Add Gen","Modelled prev") -> Modelled prev | C59: Rangebank Battery Energy Storage System | D59: =IF(ISNA(VLOOKUP(C59,K:K,1,FALSE)),"Add Gen","Modelled prev") -> Modelled prev | E59: Torrens Island BESS | F59: =IF(ISNA(VLOOKUP(E59,L:L,1,FALSE)),"Add Gen","Modelled prev") -> Modelled prev | G59: Punchs Creek Solar Farm | H59: =IF(ISNA(VLOOKUP(G59,M:M,1,FALSE)),"Add Gen","Modelled prev") -> Modelled prev | J59: Molong Solar Farm | K59: Salt Creek Wind Farm | L59: Willogoleche WF | M59: Roma Gas Turbine Station
A60: Molong Solar Farm | B60: =IF(ISNA(VLOOKUP(A60,J:J,1,FALSE)),"Add Gen","Modelled prev") -> Modelled prev | C60: Ryan Corner Wind Farm | D60: =IF(ISNA(VLOOKUP(C60,K:K,1,FALSE)),"Add Gen","Modelled prev") -> Modelled prev | E60: Willogoleche WF | F60: =IF(ISNA(VLOOKUP(E60,L:L,1,FALSE)),"Add Gen","Modelled prev") -> Modelled prev | G60: Roma Gas Turbine Station | H60: =IF(ISNA(VLOOKUP(G60,M:M,1,FALSE)),"Add Gen","Modelled prev") -> Modelled prev | J60: Molongo BESS | K60: Stockyard Hill Wind Farm | M60: Ross River Solar Farm
A61: Molongo BESS | B61: =IF(ISNA(VLOOKUP(A61,J:J,1,FALSE)),"Add Gen","Modelled prev") -> Modelled prev | C61: Salt Creek Wind Farm | D61: =IF(ISNA(VLOOKUP(C61,K:K,1,FALSE)),"Add Gen","Modelled prev") -> Modelled prev | G61: Ross River Solar Farm | H61: =IF(ISNA(VLOOKUP(G61,M:M,1,FALSE)),"Add Gen","Modelled prev") -> Modelled prev | J61: Mount Piper Power Station | K61: Terang BESS | M61: Ross SVC
A62: Mount Piper Power Station | B62: =IF(ISNA(VLOOKUP(A62,J:J,1,FALSE)),"Add Gen","Modelled prev") -> Modelled prev | C62: Stockyard Hill Wind Farm | D62: =IF(ISNA(VLOOKUP(C62,K:K,1,FALSE)),"Add Gen","Modelled prev") -> Modelled prev | G62: Ross SVC | H62: =IF(ISNA(VLOOKUP(G62,M:M,1,FALSE)),"Add Gen","Modelled prev") -> Modelled prev | J62: Mugga Lane Solar Park | K62: Victorian Big Battery | M62: Strathmore SVC
A63: Mugga Lane Solar Park | B63: =IF(ISNA(VLOOKUP(A63,J:J,1,FALSE)),"Add Gen","Modelled prev") -> Modelled prev | C63: Terang BESS | D63: =IF(ISNA(VLOOKUP(C63,K:K,1,FALSE)),"Add Gen","Modelled prev") -> Modelled prev | G63: Strathmore SVC | H63: =IF(ISNA(VLOOKUP(G63,M:M,1,FALSE)),"Add Gen","Modelled prev") -> Modelled prev | J63: Mulwala Solar Farm | K63: Wangaratta Solar Farm | M63: Sunshine Coast Solar Farm
A64: Mulwala Solar Farm | B64: =IF(ISNA(VLOOKUP(A64,J:J,1,FALSE)),"Add Gen","Modelled prev") -> Modelled prev | C64: Victorian Big Battery | D64: =IF(ISNA(VLOOKUP(C64,K:K,1,FALSE)),"Add Gen","Modelled prev") -> Modelled prev | G64: Sunshine Coast Solar Farm | H64: =IF(ISNA(VLOOKUP(G64,M:M,1,FALSE)),"Add Gen","Modelled prev") -> Modelled prev | J64: Murray 2 Power Station | K64: Winton Solar Farm | M64: Supernode BESS
A65: Murray 2 Power Station | B65: =IF(ISNA(VLOOKUP(A65,J:J,1,FALSE)),"Add Gen","Modelled prev") -> Modelled prev | C65: Wangaratta Solar Farm | D65: =IF(ISNA(VLOOKUP(C65,K:K,1,FALSE)),"Add Gen","Modelled prev") -> Modelled prev | G65: Supernode BESS | H65: =IF(ISNA(VLOOKUP(G65,M:M,1,FALSE)),"Add Gen","Modelled prev") -> Modelled prev | J65: Muswellbrook SF | K65: Woolsthorpe Wind Farm | M65: Swanbank E Power Station
A66: Muswellbrook SF | B66: =IF(ISNA(VLOOKUP(A66,J:J,1,FALSE)),"Add Gen","Modelled prev") -> Modelled prev | C66: Woolsthorpe Wind Farm | D66: =IF(ISNA(VLOOKUP(C66,K:K,1,FALSE)),"Add Gen","Modelled prev") -> Modelled prev | G66: Swanbank BESS | H66: =IF(ISNA(VLOOKUP(G66,M:M,1,FALSE)),"Add Gen","Modelled prev") -> Add Gen | J66: Narromine Solar Farm | K66: Wooreen BESS | M66: Tableland Sugar Mill Green Energy Power Station
A67: Narromine Solar Farm | B67: =IF(ISNA(VLOOKUP(A67,J:J,1,FALSE)),"Add Gen","Modelled prev") -> Modelled prev | C67: Wooreen BESS | D67: =IF(ISNA(VLOOKUP(C67,K:K,1,FALSE)),"Add Gen","Modelled prev") -> Modelled prev | G67: Swanbank E Power Station | H67: =IF(ISNA(VLOOKUP(G67,M:M,1,FALSE)),"Add Gen","Modelled prev") -> Modelled prev | J67: Nevertire Solar Farm | K67: Wunghnu Solar Farm | M67: Tarong BESS
A68: Nevertire Solar Farm | B68: =IF(ISNA(VLOOKUP(A68,J:J,1,FALSE)),"Add Gen","Modelled prev") -> Modelled prev | C68: Wunghnu Solar Farm | D68: =IF(ISNA(VLOOKUP(C68,K:K,1,FALSE)),"Add Gen","Modelled prev") -> Modelled prev | G68: Tableland Sugar Mill Green Energy Power Station | H68: =IF(ISNA(VLOOKUP(G68,M:M,1,FALSE)),"Add Gen","Modelled prev") -> Modelled prev | J68: New England Battery Energy Storage System | K68: Yaloak South Wind Farm | M68: Tully Sugar Mill
A69: New England Battery Energy Storage System | B69: =IF(ISNA(VLOOKUP(A69,J:J,1,FALSE)),"Add Gen","Modelled prev") -> Modelled prev | C69: Yaloak South Wind Farm | D69: =IF(ISNA(VLOOKUP(C69,K:K,1,FALSE)),"Add Gen","Modelled prev") -> Modelled prev | G69: Tarong BESS | H69: =IF(ISNA(VLOOKUP(G69,M:M,1,FALSE)),"Add Gen","Modelled prev") -> Modelled prev | J69: New England Solar Farm | K69: Yatpool Solar Farm | M69: Ulinda Park BESS
A70: New England Solar Farm | B70: =IF(ISNA(VLOOKUP(A70,J:J,1,FALSE)),"Add Gen","Modelled prev") -> Modelled prev | C70: Yatpool Solar Farm | D70: =IF(ISNA(VLOOKUP(C70,K:K,1,FALSE)),"Add Gen","Modelled prev") -> Modelled prev | G70: Tully Sugar Mill | H70: =IF(ISNA(VLOOKUP(G70,M:M,1,FALSE)),"Add Gen","Modelled prev") -> Modelled prev | J70: Nyngan Solar Plant | K70: Yendon Wind Farm | M70: Wambo 2 Wind Farm
A71: Nyngan Solar Plant | B71: =IF(ISNA(VLOOKUP(A71,J:J,1,FALSE)),"Add Gen","Modelled prev") -> Modelled prev | C71: Yendon Wind Farm | D71: =IF(ISNA(VLOOKUP(C71,K:K,1,FALSE)),"Add Gen","Modelled prev") -> Modelled prev | G71: Ulinda Park BESS | H71: =IF(ISNA(VLOOKUP(G71,M:M,1,FALSE)),"Add Gen","Modelled prev") -> Modelled prev | J71: Nyngan substation DVAR | M71: Wambo Wind Farm
A72: Nyngan substation DVAR | B72: =IF(ISNA(VLOOKUP(A72,J:J,1,FALSE)),"Add Gen","Modelled prev") -> Modelled prev | G72: Wambo 2 Wind Farm | H72: =IF(ISNA(VLOOKUP(G72,M:M,1,FALSE)),"Add Gen","Modelled prev") -> Modelled prev | J72: Orana BESS | M72: Wandoan Battery Energy Storage System
A73: Orana BESS | B73: =IF(ISNA(VLOOKUP(A73,J:J,1,FALSE)),"Add Gen","Modelled prev") -> Modelled prev | G73: Wambo Wind Farm | H73: =IF(ISNA(VLOOKUP(G73,M:M,1,FALSE)),"Add Gen","Modelled prev") -> Modelled prev | J73: Queanbeyan Battery Energy Storage System | M73: Wandoan Solar Farm 1
A74: Queanbeyan Battery Energy Storage System | B74: =IF(ISNA(VLOOKUP(A74,J:J,1,FALSE)),"Add Gen","Modelled prev") -> Modelled prev | G74: Wandoan Battery Energy Storage System | H74: =IF(ISNA(VLOOKUP(G74,M:M,1,FALSE)),"Add Gen","Modelled prev") -> Modelled prev | J74: Quorn Park Solar Farm | M74: Warwick Solar Farm 1
A75: Quorn Park Solar Farm | B75: =IF(ISNA(VLOOKUP(A75,J:J,1,FALSE)),"Add Gen","Modelled prev") -> Modelled prev | G75: Wandoan Solar Farm 1 | H75: =IF(ISNA(VLOOKUP(G75,M:M,1,FALSE)),"Add Gen","Modelled prev") -> Modelled prev | J75: Ridgey Creek BESS | M75: Warwick Solar Farm 2
A76: Ridgey Creek BESS | B76: =IF(ISNA(VLOOKUP(A76,J:J,1,FALSE)),"Add Gen","Modelled prev") -> Modelled prev | G76: Warwick Solar Farm 1 | H76: =IF(ISNA(VLOOKUP(G76,M:M,1,FALSE)),"Add Gen","Modelled prev") -> Modelled prev | J76: Riverina Battery Energy Storage System | M76: Western Downs BESS
A77: Riverina Battery Energy Storage System | B77: =IF(ISNA(VLOOKUP(A77,J:J,1,FALSE)),"Add Gen","Modelled prev") -> Modelled prev | G77: Warwick Solar Farm 2 | H77: =IF(ISNA(VLOOKUP(G77,M:M,1,FALSE)),"Add Gen","Modelled prev") -> Modelled prev | J77: Riverina Solar Farm | M77: Western Downs Green Power Hub
A78: Riverina Solar Farm | B78: =IF(ISNA(VLOOKUP(A78,J:J,1,FALSE)),"Add Gen","Modelled prev") -> Modelled prev | G78: Western Downs BESS | H78: =IF(ISNA(VLOOKUP(G78,M:M,1,FALSE)),"Add Gen","Modelled prev") -> Modelled prev | J78: Royalla 1 Solar pv Farm | M78: Woolooga BESS
A79: Royalla 1 Solar pv Farm | B79: =IF(ISNA(VLOOKUP(A79,J:J,1,FALSE)),"Add Gen","Modelled prev") -> Modelled prev | G79: Western Downs Green Power Hub | H79: =IF(ISNA(VLOOKUP(G79,M:M,1,FALSE)),"Add Gen","Modelled prev") -> Modelled prev | J79: Rye Park Wind Farm | M79: Woolooga Solar Farm
A80: Rye Park Wind Farm | B80: =IF(ISNA(VLOOKUP(A80,J:J,1,FALSE)),"Add Gen","Modelled prev") -> Modelled prev | G80: Woolooga BESS | H80: =IF(ISNA(VLOOKUP(G80,M:M,1,FALSE)),"Add Gen","Modelled prev") -> Modelled prev | J80: Sapphire Hybrid Renewable Plant | M80: Woree Static Var Compensator
A81: Sapphire Hybrid Renewable Plant | B81: =IF(ISNA(VLOOKUP(A81,J:J,1,FALSE)),"Add Gen","Modelled prev") -> Modelled prev | G81: Woolooga Solar Farm | H81: =IF(ISNA(VLOOKUP(G81,M:M,1,FALSE)),"Add Gen","Modelled prev") -> Modelled prev | J81: Sebastopol Solar Farm | M81: Yarranlea Solar Farm
A82: Sebastopol Solar Farm | B82: =IF(ISNA(VLOOKUP(A82,J:J,1,FALSE)),"Add Gen","Modelled prev") -> Modelled prev | G82: Woree Static Var Compensator | H82: =IF(ISNA(VLOOKUP(G82,M:M,1,FALSE)),"Add Gen","Modelled prev") -> Modelled prev | J82: SmartWires
A83: SmartWires | B83: =IF(ISNA(VLOOKUP(A83,J:J,1,FALSE)),"Add Gen","Modelled prev") -> Modelled prev | G83: Yarranlea Solar Farm | H83: =IF(ISNA(VLOOKUP(G83,M:M,1,FALSE)),"Add Gen","Modelled prev") -> Modelled prev | J83: Smithfield BESS
A84: Smithfield BESS | B84: =IF(ISNA(VLOOKUP(A84,J:J,1,FALSE)),"Add Gen","Modelled prev") -> Modelled prev | J84: Smithfield Energy Facility
A85: Smithfield Energy Facility | B85: =IF(ISNA(VLOOKUP(A85,J:J,1,FALSE)),"Add Gen","Modelled prev") -> Modelled prev | J85: South Keswick Solar Farm
A86: Snowy 2.0 | B86: =IF(ISNA(VLOOKUP(A86,J:J,1,FALSE)),"Add Gen","Modelled prev") -> Add Gen | J86: Stubbo Solar Farm 1
A87: South Keswick Solar Farm | B87: =IF(ISNA(VLOOKUP(A87,J:J,1,FALSE)),"Add Gen","Modelled prev") -> Modelled prev | J87: Stubbo Solar Farm 2
A88: Stubbo Solar Farm 1 | B88: =IF(ISNA(VLOOKUP(A88,J:J,1,FALSE)),"Add Gen","Modelled prev") -> Modelled prev | J88: Sunraysia Solar Farm
A89: Stubbo Solar Farm 2 | B89: =IF(ISNA(VLOOKUP(A89,J:J,1,FALSE)),"Add Gen","Modelled prev") -> Modelled prev | J89: Suntop Solar Farm
A90: Sunraysia Solar Farm | B90: =IF(ISNA(VLOOKUP(A90,J:J,1,FALSE)),"Add Gen","Modelled prev") -> Modelled prev | J90: Tallawarra B PS
A91: Suntop Solar Farm | B91: =IF(ISNA(VLOOKUP(A91,J:J,1,FALSE)),"Add Gen","Modelled prev") -> Modelled prev | J91: Tallawarra Power Station
A92: Tallawarra B PS | B92: =IF(ISNA(VLOOKUP(A92,J:J,1,FALSE)),"Add Gen","Modelled prev") -> Modelled prev | J92: Tamworth and Dumaresq SVC
A93: Tallawarra Power Station | B93: =IF(ISNA(VLOOKUP(A93,J:J,1,FALSE)),"Add Gen","Modelled prev") -> Modelled prev | J93: Tamworth Solar Farm
A94: Tamworth and Dumaresq SVC | B94: =IF(ISNA(VLOOKUP(A94,J:J,1,FALSE)),"Add Gen","Modelled prev") -> Modelled prev | J94: Taralga Wind Farm
A95: Taralga Wind Farm | B95: =IF(ISNA(VLOOKUP(A95,J:J,1,FALSE)),"Add Gen","Modelled prev") -> Modelled prev | J95: Tilbuster SF
... A109: Wollar Solar Farm | B109: =IF(ISNA(VLOOKUP(A109,J:J,1,FALSE)),"Add Gen","Modelled prev") -> Modelled prev | J109: Yanco Solar Farm
A110: Yanco Solar Farm | B110: =IF(ISNA(VLOOKUP(A110,J:J,1,FALSE)),"Add Gen","Modelled prev") -> Modelled prev

Sheet Baringa RC Buildouts Q425
A1: Demand growth
A2: Annual demand on a sent-out basis* | F2: 2026 | G2: 2027 | H2: 2028 | I2: 2029 | J2: 2030 | K2: 2031 | L2: 2032 | M2: 2033 | N2: 2034 | O2: 2035 | P2: 2036 | Q2: 2037 | R2: 2038 | S2: 2039 | T2: 2040 | U2: 2041 | V2: 2042 | W2: 2043 | X2: 2044 | Y2: 2045 | Z2: 2046 | AA2: 2047 | AB2: 2048 | AC2: 2049 | AD2: 2050 | AE2: 2051 | AF2: 2052 | AG2: 2053 | AH2: 2054 | AI2: 2055 | AJ2: 2056 | AK2: 2057 | AL2: 2058 | AM2: 2059 | AN2: 2060
A3: NSW | B3: GWh | F3: 76811 | G3: 78041 | H3: 79914 | I3: 81927 | J3: 84270 | K3: 87269 | L3: 90762 | M3: 93565 | N3: 96351 | O3: 99156 | P3: 102482 | Q3: 105896 | R3: 109360 | S3: 112419 | T3: 115299 | U3: 117938 | V3: 120547 | W3: 123037 | X3: 125440 | Y3: 127791 | Z3: 130229 | AA3: 132576 | AB3: 134934 | AC3: 137035 | AD3: 138900 | AE3: 141170 | AF3: 143655 | AG3: 145569 | AH3: 147390 | AI3: 149426 | AJ3: 151161 | AK3: 152632 | AL3: 153870 | AM3: 154971 | AN3: 155962
A4: QLD | B4: GWh | F4: 62822 | G4: 63855 | H4: 64969 | I4: 66245 | J4: 68221 | K4: 71296 | L4: 75174 | M4: 78490 | N4: 81275 | O4: 86043 | P4: 89356 | Q4: 92488 | R4: 95425 | S4: 98053 | T4: 100565 | U4: 102848 | V4: 105205 | W4: 107633 | X4: 109973 | Y4: 111981 | Z4: 113897 | AA4: 115729 | AB4: 117499 | AC4: 119097 | AD4: 120431 | AE4: 121487 | AF4: 122645 | AG4: 123635 | AH4: 124831 | AI4: 126238 | AJ4: 127317 | AK4: 128194 | AL4: 129007 | AM4: 129720 | AN4: 130499
A5: SA | B5: GWh | F5: 15845 | G5: 16232 | H5: 16536 | I5: 16850 | J5: 20032 | K5: 20460 | L5: 20948 | M5: 21889 | N5: 23009 | O5: 23497 | P5: 24039 | Q5: 24608 | R5: 25165 | S5: 25749 | T5: 26322 | U5: 26951 | V5: 27584 | W5: 28218 | X5: 28877 | Y5: 29504 | Z5: 30160 | AA5: 30793 | AB5: 31446 | AC5: 32039 | AD5: 32597 | AE5: 33077 | AF5: 33555 | AG5: 33980 | AH5: 34393 | AI5: 34881 | AJ5: 35278 | AK5: 35643 | AL5: 35981 | AM5: 36287 | AN5: 36571
A6: TAS | B6: GWh | F6: 11271 | G6: 11502 | H6: 11681 | I6: 11869 | J6: 12083 | K6: 12330 | L6: 12563 | M6: 12963 | N6: 13228 | O6: 13476 | P6: 13722 | Q6: 14005 | R6: 14265 | S6: 14524 | T6: 14727 | U6: 14908 | V6: 15058 | W6: 15172 | X6: 15298 | Y6: 15447 | Z6: 15597 | AA6: 15733 | AB6: 15878 | AC6: 15996 | AD6: 16083 | AE6: 16125 | AF6: 16189 | AG6: 16247 | AH6: 16321 | AI6: 16439 | AJ6: 16459 | AK6: 16491 | AL6: 16510 | AM6: 16539 | AN6: 16580
A7: VIC | B7: GWh | F7: 49600 | G7: 50762 | H7: 51848 | I7: 52868 | J7: 54591 | K7: 57472 | L7: 60175 | M7: 62434 | N7: 64346 | O7: 66564 | P7: 69079 | Q7: 71945 | R7: 74748 | S7: 77233 | T7: 79518 | U7: 81592 | V7: 83786 | W7: 85968 | X7: 88112 | Y7: 90041 | Z7: 92337 | AA7: 94253 | AB7: 96088 | AC7: 97731 | AD7: 99208 | AE7: 100493 | AF7: 101921 | AG7: 103110 | AH7: 104446 | AI7: 105931 | AJ7: 107067 | AK7: 108100 | AL7: 108934 | AM7: 109744 | AN7: 110482
A9: Capacity Mix at FY-end | C9: 2026 | D9: 2027 | E9: 2028 | F9: 2029 | G9: 2030 | H9: 2031 | I9: 2032 | J9: 2033 | K9: 2034 | L9: 2035 | M9: 2036 | N9: 2037 | O9: 2038 | P9: 2039 | Q9: 2040 | R9: 2041 | S9: 2042 | T9: 2043 | U9: 2044 | V9: 2045 | W9: 2046 | X9: 2047 | Y9: 2048 | Z9: 2049 | AA9: 2050 | AB9: 2051 | AC9: 2052 | AD9: 2053 | AE9: 2054 | AF9: 2055 | AG9: 2056 | AH9: 2057 | AI9: 2058 | AJ9: 2059 | AK9: 2060
A10: NSW
A11: Coal | B11: MW | C11: 8260 | D11: 8260 | E11: 6820 | F11: 5380 | G11: 5380 | H11: 5380 | I11: 4060 | J11: 2700 | K11: 1340 | L11: 1340 | M11: 1340 | N11: 1340 | O11: 1340 | P11: 1340 | Q11: 0 | R11: 0 | S11: 0 | T11: 0 | U11: 0 | V11: 0 | W11: 0 | X11: 0 | Y11: 0 | Z11: 0 | AA11: 0 | AB11: 0 | AC11: 0 | AD11: 0 | AE11: 0 | AF11: 0 | AG11: 0 | AH11: 0 | AI11: 0 | AJ11: 0 | AK11: 0
A12: Hydro | B12: MW | C12: 1693 | D12: 1693 | E12: 1693 | F12: 1693 | G12: 1693 | H12: 1693 | I12: 1693 | J12: 1693 | K12: 1693 | L12: 1693 | M12: 1693 | N12: 1693 | O12: 1693 | P12: 1693 | Q12: 1693 | R12: 1693 | S12: 1693 | T12: 1693 | U12: 1693 | V12: 1693 | W12: 1693 | X12: 1693 | Y12: 1693 | Z12: 1693 | AA12: 1693 | AB12: 1693 | AC12: 1693 | AD12: 1693 | AE12: 1693 | AF12: 1693 | AG12: 1693 | AH12: 1693 | AI12: 1693 | AJ12: 1693 | AK12: 1693
A13: Gas | B13: MW | C13: 3076 | D13: 3076 | E13: 3076 | F13: 3076 | G13: 3076 | H13: 3076 | I13: 3076 | J13: 3076 | K13: 3076 | L13: 3076 | M13: 3476 | N13: 3476 | O13: 3476 | P13: 3476 | Q13: 3776 | R13: 3776 | S13: 3776 | T13: 4776 | U13: 4936 | V13: 4694 | W13: 5094 | X13: 5094 | Y13: 5194 | Z13: 5634 | AA13: 6034 | AB13: 6434 | AC13: 5634 | AD13: 5834 | AE13: 5834 | AF13: 6034 | AG13: 6034 | AH13: 6034 | AI13: 6034 | AJ13: 6034 | AK13: 6034
A14: Liquid Fuel | B14: MW | C14: 44 | D14: 44 | E14: 44 | F14: 44 | G14: 44 | H14: 44 | I14: 44 | J14: 44 | K14: 44 | L14: 44 | M14: 0 | N14: 0 | O14: 0 | P14: 0 | Q14: 0 | R14: 0 | S14: 0 | T14: 0 | U14: 0 | V14: 0 | W14: 0 | X14: 0 | Y14: 0 | Z14: 0 | AA14: 0 | AB14: 0 | AC14: 0 | AD14: 0 | AE14: 0 | AF14: 0 | AG14: 0 | AH14: 0 | AI14: 0 | AJ14: 0 | AK14: 0
A15: Wind | B15: MW | C15: 2821 | D15: 2821 | E15: 2821 | F15: 4231 | G15: 5298 | H15: 6514 | I15: 7985 | J15: 10499 | K15: 11311 | L15: 12254 | M15: 13184 | N15: 13684 | O15: 14764 | P15: 15484 | Q15: 17084 | R15: 17234 | S15: 17894 | T15: 17894 | U15: 18214 | V15: 18924 | W15: 19624 | X15: 20396 | Y15: 20466 | Z15: 21216 | AA15: 21836 | AB15: 22346 | AC15: 22346 | AD15: 22536 | AE15: 22586 | AF15: 23036 | AG15: 23286 | AH15: 23286 | AI15: 23506 | AJ15: 23526 | AK15: 24146
A16: Solar | B16: MW | C16: 5743 | D16: 7019 | E16: 7460 | F16: 8054 | G16: 8851 | H16: 9450 | I16: 10098 | J16: 10213 | K16: 10340 | L16: 10480 | M16: 10664 | N16: 10762 | O16: 10861 | P16: 11316 | Q16: 13012 | R16: 13136 | S16: 13838 | T16: 14139 | U16: 14334 | V16: 14709 | W16: 14899 | X16: 15239 | Y16: 15524 | Z16: 15860 | AA16: 16100 | AB16: 16240 | AC16: 16323 | AD16: 16810 | AE16: 16950 | AF16: 17111 | AG16: 17193 | AH16: 17491 | AI16: 17671 | AJ16: 17761 | AK16: 18053
A17: Solar Rooftop | B17: MW | C17: 7833 | D17: 8514 | E17: 9190 | F17: 9888 | G17: 10549 | H17: 11173 | I17: 11739 | J17: 12303 | K17: 12805 | L17: 13321 | M17: 13860 | N17: 14476 | O17: 15111 | P17: 15656 | Q17: 16202 | R17: 16748 | S17: 17294 | T17: 17840 | U17: 18385 | V17: 18931 | W17: 19477 | X17: 20023 | Y17: 20569 | Z17: 21115 | AA17: 21660 | AB17: 22206 | AC17: 22752 | AD17: 23298 | AE17: 23844 | AF17: 24389 | AG17: 24844 | AH17: 25299 | AI17: 25754 | AJ17: 26209 | AK17: 26664
A18: NSG | B18: MW | C18: 274 | D18: 274 | E18: 274 | F18: 275 | G18: 275 | H18: 275 | I18: 275 | J18: 276 | K18: 276 | L18: 276 | M18: 274 | N18: 272 | O18: 272 | P18: 272 | Q18: 272 | R18: 272 | S18: 272 | T18: 272 | U18: 272 | V18: 272 | W18: 272 | X18: 272 | Y18: 272 | Z18: 272 | AA18: 272 | AB18: 272 | AC18: 272 | AD18: 272 | AE18: 272 | AF18: 272 | AG18: 272 | AH18: 272 | AI18: 272 | AJ18: 272 | AK18: 272
A19: Utility Batteries (<=4h) | B19: MW | C19: 1235 | D19: 3708 | E19: 4671 | F19: 4671 | G19: 5111 | H19: 5551 | I19: 6221 | J19: 7126 | K19: 7286 | L19: 7446 | M19: 7606 | N19: 8277 | O19: 8277 | P19: 8777 | Q19: 9177 | R19: 9177 | S19: 9177 | T19: 9227 | U19: 9617 | V19: 9417 | W19: 9417 | X19: 9487 | Y19: 8599 | Z19: 8756 | AA19: 8316 | AB19: 7876 | AC19: 7206 | AD19: 6401 | AE19: 6241 | AF19: 6081 | AG19: 5921 | AH19: 5921 | AI19: 5921 | AJ19: 5921 | AK19: 5921
A20: Distributed Batteries | B20: MW | C20: 1176 | D20: 1887 | E20: 2348 | F20: 2752 | G20: 3097 | H20: 3383 | I20: 3678 | J20: 3987 | K20: 4288 | L20: 4596 | M20: 4915 | N20: 5248 | O20: 5584 | P20: 5918 | Q20: 6235 | R20: 6559 | S20: 6890 | T20: 7219 | U20: 7539 | V20: 7874 | W20: 8226 | X20: 8593 | Y20: 8968 | Z20: 9328 | AA20: 9679 | AB20: 10011 | AC20: 10344 | AD20: 10673 | AE20: 10990 | AF20: 11318 | AG20: 11647 | AH20: 11978 | AI20: 12312 | AJ20: 12646 | AK20: 12983
A21: Medium Storage (>4-16h) | B21: MW | C21: 240 | D21: 579 | E21: 854 | F21: 1279 | G21: 1479 | H21: 1806 | I21: 2006 | J21: 3049 | K21: 3249 | L21: 3451 | M21: 3451 | N21: 3451 | O21: 3451 | P21: 3451 | Q21: 3952 | R21: 3952 | S21: 3952 | T21: 3952 | U21: 4452 | V21: 4452 | W21: 4452 | X21: 4452 | Y21: 4213 | Z21: 3813 | AA21: 3813 | AB21: 3685 | AC21: 3685 | AD21: 3943 | AE21: 4193 | AF21: 4193 | AG21: 4193 | AH21: 4193 | AI21: 4193 | AJ21: 4193 | AK21: 4193
A22: Deep Storage (>16h) | B22: MW | C22: 900 | D22: 900 | E22: 900 | F22: 900 | G22: 1920 | H22: 2940 | I22: 2940 | J22: 2940 | K22: 2940 | L22: 2940 | M22: 2940 | N22: 2940 | O22: 2940 | P22: 2940 | Q22: 3440 | R22: 3440 | S22: 3440 | T22: 3440 | U22: 3440 | V22: 3440 | W22: 3440 | X22: 3440 | Y22: 3440 | Z22: 3440 | AA22: 3440 | AB22: 3440 | AC22: 3440 | AD22: 3440 | AE22: 3440 | AF22: 3440 | AG22: 3440 | AH22: 3440 | AI22: 3440 | AJ22: 3440 | AK22: 3440
A23: Coal retirement | D23: =D11-C11 -> 0 | E23: =E11-D11 -> -1440 | F23: =F11-E11 -> -1440 | G23: =G11-F11 -> 0 | H23: =H11-G11 -> 0 | I23: =I11-H11 -> -1320 | J23: =J11-I11 -> -1360 | K23: =K11-J11 -> -1360 | ... AK23: =AK11-AJ11 -> 0
A25: QLD
A26: Coal | B26: MW | C26: 8165 | D26: 8119 | E26: 8119 | F26: 6439 | G26: 6439 | H26: 6439 | I26: 5739 | J26: 5739 | K26: 4339 | L26: 3609 | M26: 2879 | N26: 2879 | O26: 2436 | P26: 2436 | Q26: 2016 | R26: 1596 | S26: 1596 | T26: 852 | U26: 852 | V26: 0 | W26: 0 | X26: 0 | Y26: 0 | Z26: 0 | AA26: 0 | AB26: 0 | AC26: 0 | AD26: 0 | AE26: 0 | AF26: 0 | AG26: 0 | AH26: 0 | AI26: 0 | AJ26: 0 | AK26: 0
A27: Hydro | B27: MW | C27: 152 | D27: 152 | E27: 152 | F27: 152 | G27: 152 | H27: 152 | I27: 152 | J27: 152 | K27: 152 | L27: 152 | M27: 152 | N27: 152 | O27: 152 | P27: 152 | Q27: 152 | R27: 152 | S27: 152 | T27: 152 | U27: 152 | V27: 152 | W27: 152 | X27: 152 | Y27: 152 | Z27: 152 | AA27: 152 | AB27: 152 | AC27: 152 | AD27: 152 | AE27: 152 | AF27: 152 | AG27: 152 | AH27: 152 | AI27: 152 | AJ27: 152 | AK27: 152
A28: Gas | B28: MW | C28: 3016 | D28: 3016 | E28: 3016 | F28: 3016 | G28: 3416 | H28: 3416 | I28: 3416 | J28: 3816 | K28: 4376 | L28: 4642 | M28: 4842 | N28: 4672 | O28: 4672 | P28: 4672 | Q28: 4728 | R28: 4728 | S28: 4728 | T28: 5128 | U28: 5128 | V28: 5128 | W28: 5126 | X28: 5127 | Y28: 5127 | Z28: 5327 | AA28: 5808 | AB28: 5468 | AC28: 5468 | AD28: 5468 | AE28: 5468 | AF28: 5468 | AG28: 5468 | AH28: 5468 | AI28: 5468 | AJ28: 5468 | AK28: 5468
A29: Liquid Fuel | B29: MW | C29: 419 | D29: 419 | E29: 419 | F29: 419 | G29: 419 | H29: 419 | I29: 419 | J29: 419 | K29: 131 | L29: 131 | M29: 131 | N29: 131 | O29: 131 | P29: 131 | Q29: 131 | R29: 131 | S29: 131 | T29: 131 | U29: 131 | V29: 0 | W29: 0 | X29: 0 | Y29: 0 | Z29: 0 | AA29: 0 | AB29: 0 | AC29: 0 | AD29: 0 | AE29: 0 | AF29: 0 | AG29: 0 | AH29: 0 | AI29: 0 | AJ29: 0 | AK29: 0
A30: Wind | B30: MW | C30: 2400 | D30: 2652 | E30: 3619 | F30: 3819 | G30: 5078 | H30: 6242 | I30: 7092 | J30: 7482 | K30: 8942 | L30: 9642 | M30: 10666 | N30: 11586 | O30: 12366 | P30: 12636 | Q30: 13656 | R30: 14616 | S30: 14746 | T30: 15916 | U30: 15916 | V30: 16616 | W30: 17246 | X30: 17326 | Y30: 17326 | Z30: 17676 | AA30: 17676 | AB30: 17786 | AC30: 17786 | AD30: 17986 | AE30: 17986 | AF30: 18136 | AG30: 18186 | AH30: 18226 | AI30: 18226 | AJ30: 18276 | AK30: 18276
A31: Solar | B31: MW | C31: 3994 | D31: 4418 | E31: 4771 | F31: 4790 | G31: 5424 | H31: 5499 | I31: 5566 | J31: 5739 | K31: 6252 | L31: 8163 | M31: 9136 | N31: 9769 | O31: 10615 | P31: 11156 | Q31: 11804 | R31: 12760 | S31: 13012 | T31: 14032 | U31: 15298 | V31: 16463 | W31: 16894 | X31: 17425 | Y31: 18041 | Z31: 18366 | AA31: 18537 | AB31: 18908 | AC31: 18974 | AD31: 19050 | AE31: 19271 | AF31: 19541 | AG31: 19807 | AH31: 20003 | AI31: 20194 | AJ31: 20265 | AK31: 20339
A32: Solar Rooftop | B32: MW | C32: 6823 | D32: 7265 | E32: 7704 | F32: 8153 | G32: 8591 | H32: 9030 | I32: 9408 | J32: 9763 | K32: 10108 | L32: 10482 | M32: 10880 | N32: 11316 | O32: 11759 | P32: 12130 | Q32: 12500 | R32: 12870 | S32: 13240 | T32: 13611 | U32: 13981 | V32: 14351 | W32: 14721 | X32: 15091 | Y32: 15462 | Z32: 15832 | AA32: 16202 | AB32: 16572 | AC32: 16943 | AD32: 17313 | AE32: 17683 | AF32: 18053 | AG32: 18362 | AH32: 18670 | AI32: 18979 | AJ32: 19287 | AK32: 19596
A33: NSG | B33: MW | C33: 195 | D33: 199 | E33: 202 | F33: 206 | G33: 208 | H33: 211 | I33: 214 | J33: 218 | K33: 222 | L33: 225 | M33: 221 | N33: 216 | O33: 205 | P33: 196 | Q33: 200 | R33: 203 | S33: 207 | T33: 211 | U33: 214 | V33: 218 | W33: 222 | X33: 225 | Y33: 229 | Z33: 233 | AA33: 235 | AB33: 238 | AC33: 242 | AD33: 245 | AE33: 249 | AF33: 253 | AG33: 256 | AH33: 260 | AI33: 264 | AJ33: 267 | AK33: 271
A34: Utility Batteries (<=4h) | B34: MW | C34: 1867 | D34: 3067 | E34: 3067 | F34: 3067 | G34: 3067 | H34: 3955 | I34: 5339 | J34: 6354 | K34: 6854 | L34: 8054 | M34: 8654 | N34: 8955 | O34: 9855 | P34: 10855 | Q34: 10853 | R34: 11453 | S34: 12103 | T34: 12003 | U34: 12603 | V34: 13653 | W34: 14498 | X34: 13818 | Y34: 13738 | Z34: 14238 | AA34: 14238 | AB34: 14401 | AC34: 14017 | AD34: 14282 | AE34: 14282 | AF34: 14382 | AG34: 14582 | AH34: 14782 | AI34: 14782 | AJ34: 14782 | AK34: 14802
A35: Distributed Batteries | B35: MW | C35: 625 | D35: 1044 | E35: 1335 | F35: 1598 | G35: 1836 | H35: 2108 | I35: 2373 | J35: 2632 | K35: 2903 | L35: 3186 | M35: 3474 | N35: 3752 | O35: 4029 | P35: 4316 | Q35: 4585 | R35: 4843 | S35: 5103 | T35: 5361 | U35: 5634 | V35: 5913 | W35: 6208 | X35: 6503 | Y35: 6799 | Z35: 7099 | AA35: 7380 | AB35: 7650 | AC35: 7913 | AD35: 8167 | AE35: 8426 | AF35: 8692 | AG35: 8960 | AH35: 9229 | AI35: 9500 | AJ35: 9773 | AK35: 10047
A36: Medium Storage (>4-16h) | B36: MW | C36: 0 | D36: 250 | E36: 250 | F36: 250 | G36: 250 | H36: 250 | I36: 250 | J36: 650 | K36: 1050 | L36: 1450 | M36: 1850 | N36: 2250 | O36: 2250 | P36: 2250 | Q36: 2250 | R36: 2250 | S36: 2250 | T36: 2250 | U36: 2250 | V36: 2250 | W36: 2250 | X36: 2250 | Y36: 2250 | Z36: 2250 | AA36: 2250 | AB36: 2250 | AC36: 2250 | AD36: 2250 | AE36: 2250 | AF36: 2250 | AG36: 2250 | AH36: 2250 | AI36: 2250 | AJ36: 2250 | AK36: 2250
A37: Deep Storage (>16h) | B37: MW | C37: 570 | D37: 570 | E37: 570 | F37: 570 | G37: 570 | H37: 570 | I37: 570 | J37: 570 | K37: 570 | L37: 570 | M37: 570 | N37: 570 | O37: 570 | P37: 570 | Q37: 570 | R37: 570 | S37: 570 | T37: 570 | U37: 570 | V37: 570 | W37: 570 | X37: 570 | Y37: 570 | Z37: 570 | AA37: 570 | AB37: 570 | AC37: 570 | AD37: 570 | AE37: 570 | AF37: 570 | AG37: 570 | AH37: 570 | AI37: 570 | AJ37: 570 | AK37: 570
A38: Coal retirement | D38: =D26-C26 -> -46 | E38: =E26-D26 -> 0 | F38: =F26-E26 -> -1680 | G38: =G26-F26 -> 0 | H38: =H26-G26 -> 0 | I38: =I26-H26 -> -700 | J38: =J26-I26 -> 0 | K38: =K26-J26 -> -1400 | ... AK38: =AK26-AJ26 -> 0
A39: Gas retirements | B39: MW | D39: 176 | L39: -292 | N39: -370 | Q39: -144 | W39: =-630-131 -> -761 | X39: =-504-243 -> -747 | AA39: -519 | AB39: -332
A40: Net Delta Gas YoY | B40: MW | D40: =(D28-C28)-D39 -> -176 | E40: =(E28-D28)-E39 -> 0 | F40: =(F28-E28)-F39 -> 0 | G40: =(G28-F28)-G39 -> 400 | H40: =(H28-G28)-H39 -> 0 | I40: =(I28-H28)-I39 -> 0 | J40: =(J28-I28)-J39 -> 400 | K40: =(K28-J28)-K39 -> 560 | ... AK40: =(AK28-AJ28)-AK39 -> 0
I42: =I40+D40 -> -176
A43: SA
A44: Coal | B44: MW | C44: 0 | D44: 0 | E44: 0 | F44: 0 | G44: 0 | H44: 0 | I44: 0 | J44: 0 | K44: 0 | L44: 0 | M44: 0 | N44: 0 | O44: 0 | P44: 0 | Q44: 0 | R44: 0 | S44: 0 | T44: 0 | U44: 0 | V44: 0 | W44: 0 | X44: 0 | Y44: 0 | Z44: 0 | AA44: 0 | AB44: 0 | AC44: 0 | AD44: 0 | AE44: 0 | AF44: 0 | AG44: 0 | AH44: 0 | AI44: 0 | AJ44: 0 | AK44: 0
A45: Hydro | B45: MW | C45: 0 | D45: 0 | E45: 0 | F45: 0 | G45: 0 | H45: 0 | I45: 0 | J45: 0 | K45: 0 | L45: 0 | M45: 0 | N45: 0 | O45: 0 | P45: 0 | Q45: 0 | R45: 0 | S45: 0 | T45: 0 | U45: 0 | V45: 0 | W45: 0 | X45: 0 | Y45: 0 | Z45: 0 | AA45: 0 | AB45: 0 | AC45: 0 | AD45: 0 | AE45: 0 | AF45: 0 | AG45: 0 | AH45: 0 | AI45: 0 | AJ45: 0 | AK45: 0
A46: Gas | B46: MW | C46: 2592 | D46: 2592 | E46: 2402 | F46: 1802 | G46: 1802 | H46: 1764 | I46: 1764 | J46: 1530 | K46: 1530 | L46: 1530 | M46: 1446 | N46: 1446 | O46: 1317 | P46: 1317 | Q46: 1617 | R46: 1617 | S46: 1617 | T46: 1617 | U46: 1617 | V46: 1673 | W46: 1550 | X46: 1550 | Y46: 1596 | Z46: 1596 | AA46: 1596 | AB46: 1596 | AC46: 1596 | AD46: 1496 | AE46: 1473 | AF46: 1427 | AG46: 1404 | AH46: 1404 | AI46: 1404 | AJ46: 1404 | AK46: 1404
A47: Liquid Fuel | B47: MW | C47: 242 | D47: 242 | E47: 129 | F47: 129 | G47: 129 | H47: 129 | I47: 129 | J47: 129 | K47: 129 | L47: 129 | M47: 129 | N47: 129 | O47: 129 | P47: 129 | Q47: 129 | R47: 129 | S47: 129 | T47: 129 | U47: 129 | V47: 129 | W47: 129 | X47: 129 | Y47: 129 | Z47: 129 | AA47: 129 | AB47: 129 | AC47: 129 | AD47: 129 | AE47: 129 | AF47: 129 | AG47: 129 | AH47: 129 | AI47: 129 | AJ47: 129 | AK47: 129
A48: Wind | B48: MW | C48: 2764 | D48: 2764 | E48: 2764 | F48: 2764 | G48: 3462 | H48: 3542 | I48: 3632 | J48: 3632 | K48: 3792 | L48: 3852 | M48: 3952 | N48: 3952 | O48: 4052 | P48: 4302 | Q48: 4402 | R48: 4652 | S48: 4652 | T48: 4852 | U48: 4852 | V48: 5102 | W48: 5364 | X48: 5514 | Y48: 5564 | Z48: 5764 | AA48: 5764 | AB48: 5764 | AC48: 5764 | AD48: 5764 | AE48: 5764 | AF48: 5914 | AG48: 6014 | AH48: 6014 | AI48: 6014 | AJ48: 6014 | AK48: 6014
A49: Solar | B49: MW | C49: 807 | D49: 823 | E49: 839 | F49: 851 | G49: 1518 | H49: 1542 | I49: 1745 | J49: 1861 | K49: 1981 | L49: 2107 | M49: 2384 | N49: 2715 | O49: 2935 | P49: 3060 | Q49: 3087 | R49: 3217 | S49: 3245 | T49: 3393 | U49: 3539 | V49: 3578 | W49: 3826 | X49: 3864 | Y49: 3900 | Z49: 3940 | AA49: 3988 | AB49: 4026 | AC49: 4092 | AD49: 4132 | AE49: 4190 | AF49: 4228 | AG49: 4323 | AH49: 4374 | AI49: 4422 | AJ49: 4460 | AK49: 4515
A50: Solar Rooftop | B50: MW | C50: 2675 | D50: 2816 | E50: 2954 | F50: 3104 | G50: 3238 | H50: 3378 | I50: 3503 | J50: 3637 | K50: 3748 | L50: 3869 | M50: 3989 | N50: 4133 | O50: 4265 | P50: 4385 | Q50: 4504 | R50: 4623 | S50: 4742 | T50: 4862 | U50: 4981 | V50: 5100 | W50: 5219 | X50: 5339 | Y50: 5458 | Z50: 5577 | AA50: 5697 | AB50: 5816 | AC50: 5935 | AD50: 6054 | AE50: 6174 | AF50: 6293 | AG50: 6392 | AH50: 6492 | AI50: 6591 | AJ50: 6690 | AK50: 6790
A51: NSG | B51: MW | C51: 364 | D51: 364 | E51: 364 | F51: 364 | G51: 363 | H51: 361 | I51: 361 | J51: 361 | K51: 361 | L51: 360 | M51: 359 | N51: 359 | O51: 359 | P51: 359 | Q51: 359 | R51: 359 | S51: 359 | T51: 359 | U51: 359 | V51: 359 | W51: 359 | X51: 359 | Y51: 359 | Z51: 359 | AA51: 359 | AB51: 359 | AC51: 359 | AD51: 359 | AE51: 359 | AF51: 359 | AG51: 359 | AH51: 359 | AI51: 359 | AJ51: 359 | AK51: 359
A52: Utility Batteries (<=4h) | B52: MW | C52: 1141 | D52: 1631 | E52: 1881 | F52: 1881 | G52: 1881 | H52: 1881 | I52: 1881 | J52: 2623 | K52: 3073 | L52: 3373 | M52: 3573 | N52: 3853 | O52: 3953 | P52: 3923 | Q52: 3898 | R52: 3818 | S52: 3818 | T52: 3810 | U52: 3805 | V52: 3763 | W52: 4303 | X52: 4222 | Y52: 3732 | Z52: 3982 | AA52: 4332 | AB52: 4532 | AC52: 4532 | AD52: 4642 | AE52: 4842 | AF52: 4892 | AG52: 4942 | AH52: 4942 | AI52: 4942 | AJ52: 4942 | AK52: 5042
A53: Distributed Batteries | B53: MW | C53: 610 | D53: 917 | E53: 1103 | F53: 1266 | G53: 1396 | H53: 1467 | I53: 1544 | J53: 1623 | K53: 1713 | L53: 1805 | M53: 1902 | N53: 1999 | O53: 2099 | P53: 2197 | Q53: 2273 | R53: 2335 | S53: 2408 | T53: 2476 | U53: 2551 | V53: 2627 | W53: 2710 | X53: 2794 | Y53: 2878 | Z53: 2962 | AA53: 3033 | AB53: 3123 | AC53: 3213 | AD53: 3298 | AE53: 3383 | AF53: 3467 | AG53: 3551 | AH53: 3636 | AI53: 3722 | AJ53: 3808 | AK53: 3894
A54: Medium Storage (>4-16h) | B54: MW | C54: 0 | D54: 0 | E54: 0 | F54: 0 | G54: 250 | H54: 250 | I54: 250 | J54: 325 | K54: 325 | L54: 325 | M54: 325 | N54: 325 | O54: 325 | P54: 426 | Q54: 576 | R54: 576 | S54: 576 | T54: 576 | U54: 576 | V54: 576 | W54: 576 | X54: 576 | Y54: 576 | Z54: 576 | AA54: 326 | AB54: 326 | AC54: 326 | AD54: 251 | AE54: 251 | AF54: 251 | AG54: 251 | AH54: 251 | AI54: 251 | AJ54: 251 | AK54: 251
A55: Deep Storage (>16h) | B55: MW | C55: 0 | D55: 0 | E55: 0 | F55: 0 | G55: 0 | H55: 0 | I55: 0 | J55: 0 | K55: 0 | L55: 0 | M55: 0 | N55: 0 | O55: 0 | P55: 0 | Q55: 0 | R55: 0 | S55: 250 | T55: 250 | U55: 250 | V55: 250 | W55: 250 | X55: 250 | Y55: 250 | Z55: 250 | AA55: 250 | AB55: 250 | AC55: 250 | AD55: 250 | AE55: 250 | AF55: 250 | AG55: 250 | AH55: 250 | AI55: 250 | AJ55: 250 | AK55: 250
A56: Gas retirements | B56: MW | C56: =-200 -> -200 | D56: -600 | E56: -180 | H56: -240 | J56: =-276 -> -276 | M56: -80 | O56: -529
A57: Net Delta Gas YoY | B57: MW | D57: =(D46-C46)+(D47-C47)-D56 -> 600 | E57: =(E46-D46)+(E47-D47)-E56 -> -123 | F57: =(F46-E46)+(F47-E47)-F56 -> -600 | G57: =(G46-F46)+(G47-F47)-G56 -> 0 | H57: =(H46-G46)+(H47-G47)-H56 -> 202 | I57: =(I46-H46)+(I47-H47)-I56 -> 0 | J57: =(J46-I46)+(J47-I47)-J56 -> 42 | K57: =(K46-J46)+(K47-J47)-K56 -> 0 | ... AK57: =(AK46-AJ46)+(AK47-AJ47)-AK56 -> 0
A59: TAS
A74: VIC
A75: Coal | B75: MW | C75: 4885 | D75: 4885 | E75: 4885 | F75: 3370 | G75: 3370 | H75: 3370 | I75: 3370 | J75: 3370 | K75: 3370 | L75: 2280 | M75: 1160 | N75: 580 | O75: 0 | P75: 0 | Q75: 0 | R75: 0 | S75: 0 | T75: 0 | U75: 0 | V75: 0 | W75: 0 | X75: 0 | Y75: 0 | Z75: 0 | AA75: 0 | AB75: 0 | AC75: 0 | AD75: 0 | AE75: 0 | AF75: 0 | AG75: 0 | AH75: 0 | AI75: 0 | AJ75: 0 | AK75: 0
A76: Hydro | B76: MW | C76: 2136 | D76: 2136 | E76: 2136 | F76: 2136 | G76: 2136 | H76: 2136 | I76: 2136 | J76: 2136 | K76: 2136 | L76: 2136 | M76: 2136 | N76: 2136 | O76: 2136 | P76: 2136 | Q76: 2136 | R76: 2136 | S76: 2136 | T76: 2136 | U76: 2136 | V76: 2136 | W76: 2136 | X76: 2136 | Y76: 2136 | Z76: 2136 | AA76: 2136 | AB76: 2136 | AC76: 2136 | AD76: 2136 | AE76: 2136 | AF76: 2136 | AG76: 2136 | AH76: 2136 | AI76: 2136 | AJ76: 2136 | AK76: 2136
A77: Gas | B77: MW | C77: 2493 | D77: 2493 | E77: 2493 | F77: 2493 | G77: 2493 | H77: 2493 | I77: 2493 | J77: 2493 | K77: 2333 | L77: 2333 | M77: 2453 | N77: 2753 | O77: 3353 | P77: 3353 | Q77: 2364 | R77: 2364 | S77: 2364 | T77: 2280 | U77: 2480 | V77: 2680 | W77: 2680 | X77: 2680 | Y77: 2096 | Z77: 2100 | AA77: 2104 | AB77: 2104 | AC77: 2104 | AD77: 2104 | AE77: 2304 | AF77: 2304 | AG77: 2304 | AH77: 2304 | AI77: 2304 | AJ77: 2304 | AK77: 2304
A78: Liquid Fuel | B78: MW | C78: 0 | D78: 0 | E78: 0 | F78: 0 | G78: 0 | H78: 0 | I78: 0 | J78: 0 | K78: 0 | L78: 0 | M78: 0 | N78: 0 | O78: 0 | P78: 0 | Q78: 0 | R78: 0 | S78: 0 | T78: 0 | U78: 0 | V78: 0 | W78: 0 | X78: 0 | Y78: 0 | Z78: 0 | AA78: 0 | AB78: 0 | AC78: 0 | AD78: 0 | AE78: 0 | AF78: 0 | AG78: 0 | AH78: 0 | AI78: 0 | AJ78: 0 | AK78: 0
A79: Wind | B79: MW | C79: 5450 | D79: 6027 | E79: 6027 | F79: 6027 | G79: 6307 | H79: 6509 | I79: 7131 | J79: 7331 | K79: 7331 | L79: 7811 | M79: 9173 | N79: 9564 | O79: 10284 | P79: 10759 | Q79: 11239 | R79: 11989 | S79: 12349 | T79: 12489 | U79: 12749 | V79: 12889 | W79: 13409 | X79: 13499 | Y79: 13539 | Z79: 13589 | AA79: 13649 | AB79: 13879 | AC79: 13899 | AD79: 14039 | AE79: 14199 | AF79: 14309 | AG79: 14309 | AH79: 14309 | AI79: 14819 | AJ79: 14819 | AK79: 14919
A80: Solar | B80: MW | C80: 1718 | D80: 2316 | E80: 2612 | F80: 2668 | G80: 3028 | H80: 3124 | I80: 3202 | J80: 3436 | K80: 3605 | L80: 3888 | M80: 4277 | N80: 4515 | O80: 4609 | P80: 4705 | Q80: 4994 | R80: 5096 | S80: 5496 | T80: 5676 | U80: 5772 | V80: 6100 | W80: 6350 | X80: 6660 | Y80: 6995 | Z80: 7273 | AA80: 7474 | AB80: 7575 | AC80: 7668 | AD80: 7779 | AE80: 7880 | AF80: 7981 | AG80: 8073 | AH80: 8183 | AI80: 8284 | AJ80: 8385 | AK80: 8476
A81: Solar Rooftop | B81: MW | C81: 5785 | D81: 6420 | E81: 7048 | F81: 7709 | G81: 8326 | H81: 8946 | I81: 9439 | J81: 9891 | K81: 10259 | L81: 10663 | M81: 11096 | N81: 11632 | O81: 12162 | P81: 12640 | Q81: 13118 | R81: 13596 | S81: 14075 | T81: 14553 | U81: 15031 | V81: 15509 | W81: 15988 | X81: 16466 | Y81: 16944 | Z81: 17423 | AA81: 17901 | AB81: 18379 | AC81: 18857 | AD81: 19336 | AE81: 19814 | AF81: 20292 | AG81: 20691 | AH81: 21089 | AI81: 21488 | AJ81: 21886 | AK81: 22285
A82: NSG | B82: MW | C82: 131 | D82: 133 | E82: 135 | F82: 137 | G82: 139 | H82: 141 | I82: 140 | J82: 139 | K82: 141 | L82: 143 | M82: 142 | N82: 140 | O82: 142 | P82: 143 | Q82: 145 | R82: 147 | S82: 149 | T82: 151 | U82: 153 | V82: 155 | W82: 157 | X82: 159 | Y82: 161 | Z82: 163 | AA82: 164 | AB82: 165 | AC82: 167 | AD82: 169 | AE82: 171 | AF82: 173 | AG82: 175 | AH82: 177 | AI82: 179 | AJ82: 181 | AK82: 182
A83: Utility Batteries (<=4h) | B83: MW | C83: 1620 | D83: 3171 | E83: 3585 | F83: 3585 | G83: 3585 | H83: 3763 | I83: 4088 | J83: 4324 | K83: 4324 | L83: 4425 | M83: 5405 | N83: 6005 | O83: 6055 | P83: 6055 | Q83: 6000 | R83: 5980 | S83: 5980 | T83: 6030 | U83: 6131 | V83: 6431 | W83: 6536 | X83: 6296 | Y83: 6925 | Z83: 7211 | AA83: 7411 | AB83: 7333 | AC83: 7008 | AD83: 7072 | AE83: 7072 | AF83: 7072 | AG83: 7072 | AH83: 7072 | AI83: 7072 | AJ83: 7072 | AK83: 7072
A84: Distributed Batteries | B84: MW | C84: 878 | D84: 1435 | E84: 1808 | F84: 2138 | G84: 2403 | H84: 2666 | I84: 2930 | J84: 3186 | K84: 3448 | L84: 3717 | M84: 3996 | N84: 4268 | O84: 4550 | P84: 4805 | Q84: 5044 | R84: 5314 | S84: 5592 | T84: 5866 | U84: 6153 | V84: 6451 | W84: 6765 | X84: 7093 | Y84: 7433 | Z84: 7764 | AA84: 8085 | AB84: 8474 | AC84: 8857 | AD84: 9222 | AE84: 9586 | AF84: 9957 | AG84: 10330 | AH84: 10706 | AI84: 11083 | AJ84: 11463 | AK84: 11844
A85: Medium Storage (>4-16h) | B85: MW | C85: 0 | D85: 0 | E85: 0 | F85: 0 | G85: 0 | H85: 0 | I85: 0 | J85: 0 | K85: 0 | L85: 0 | M85: 0 | N85: 0 | O85: 0 | P85: 501 | Q85: 501 | R85: 501 | S85: 501 | T85: 501 | U85: 501 | V85: 501 | W85: 501 | X85: 501 | Y85: 501 | Z85: 501 | AA85: 501 | AB85: 501 | AC85: 501 | AD85: 501 | AE85: 501 | AF85: 501 | AG85: 501 | AH85: 501 | AI85: 501 | AJ85: 501 | AK85: 501
A86: Deep Storage (>16h) | B86: MW | C86: 0 | D86: 0 | E86: 0 | F86: 0 | G86: 0 | H86: 0 | I86: 0 | J86: 0 | K86: 0 | L86: 0 | M86: 0 | N86: 0 | O86: 0 | P86: 0 | Q86: 0 | R86: 500 | S86: 500 | T86: 500 | U86: 500 | V86: 500 | W86: 500 | X86: 500 | Y86: 500 | Z86: 500 | AA86: 500 | AB86: 700 | AC86: 900 | AD86: 900 | AE86: 900 | AF86: 900 | AG86: 900 | AH86: 900 | AI86: 900 | AJ86: 900 | AK86: 900
A87: Offshore Wind | B87: MW | C87: 0 | D87: 0 | E87: 0 | F87: 0 | G87: 0 | H87: 0 | I87: 0 | J87: 0 | K87: 1000 | L87: 2000 | M87: 2000 | N87: 3000 | O87: 4000 | P87: 4000 | Q87: 4000 | R87: 4000 | S87: 4000 | T87: 4000 | U87: 4000 | V87: 4000 | W87: 4000 | X87: 4000 | Y87: 4000 | Z87: 4000 | AA87: 4000 | AB87: 4000 | AC87: 4000 | AD87: 4000 | AE87: 4000 | AF87: 4000 | AG87: 4000 | AH87: 4000 | AI87: 4000 | AJ87: 4000 | AK87: 4000
A88: Coal retirement | D88: =D75-C75 -> 0 | E88: =E75-D75 -> 0 | F88: =F75-E75 -> -1515 | G88: =G75-F75 -> 0 | H88: =H75-G75 -> 0 | I88: =I75-H75 -> 0 | J88: =J75-I75 -> 0 | K88: =K75-J75 -> 0 | ... AK88: =AK75-AJ75 -> 0
A89: Gas retirements | B89: MW | E89: 0 | F89: 0 | G89: 0 | H89: 0 | I89: 0 | J89: 0 | K89: -160 | L89: 0 | M89: 0 | N89: 0 | O89: 0 | P89: 0 | Q89: -944
A90: Delta Gas YoY | B90: MW | D90: =(D78-C78)+(D79-C79) -> 577 | E90: =(E77-D77)+(E78-D78)-E89 -> 0 | F90: =(F77-E77)+(F78-E78)-F89 -> 0 | G90: =(G77-F77)+(G78-F78)-G89 -> 0 | H90: =(H77-G77)+(H78-G78)-H89 -> 0 | I90: =(I77-H77)+(I78-H78)-I89 -> 0 | J90: =(J77-I77)+(J78-I78)-J89 -> 0 | K90: =(K77-J77)+(K78-J78)-K89 -> 0 | L90: =(L77-K77)+(L78-K78)-L89 -> 0 | ... AK90: =(AK77-AJ77)+(AK78-AJ78)-AK89 -> 0

Sheet Baringa RC Buildouts Q325
A1: Demand growth
A2: Annual demand on a sent-out basis* | F2: 2026 | G2: 2027 | H2: 2028 | I2: 2029 | J2: 2030 | K2: 2031 | L2: 2032 | M2: 2033 | N2: 2034 | O2: 2035 | P2: 2036 | Q2: 2037 | R2: 2038 | S2: 2039 | T2: 2040 | U2: 2041 | V2: 2042 | W2: 2043 | X2: 2044 | Y2: 2045 | Z2: 2046 | AA2: 2047 | AB2: 2048 | AC2: 2049 | AD2: 2050 | AE2: 2051 | AF2: 2052 | AG2: 2053 | AH2: 2054 | AI2: 2055 | AJ2: 2056 | AK2: 2057 | AL2: 2058 | AM2: 2059 | AN2: 2060
A3: NSW | B3: GWh | F3: 76799.78 | G3: 78007.66 | H3: 79884.23 | I3: 81892.24 | J3: 84273.6 | K3: 87255.53 | L3: 90756.4 | M3: 93552.54 | N3: 96321.33 | O3: 99112.44 | P3: 102428.3 | Q3: 105873.5 | R3: 109336.8 | S3: 112410.1 | T3: 115260.6 | U3: 117914.9 | V3: 120524 | W3: 122998.1 | X3: 125407.7 | Y3: 127759.1 | Z3: 130179.3 | AA3: 132557.7 | AB3: 134893.2 | AC3: 136945.7 | AD3: 138835.2 | AE3: 141118 | AF3: 143605.8 | AG3: 145525.3 | AH3: 147340.9 | AI3: 149388.2 | AJ3: 151114.7 | AK3: 152613 | AL3: 153822.6 | AM3: 154883.1 | AN3: 155917.2
A4: QLD | B4: GWh | F4: 62818.01 | G4: 63838.73 | H4: 64954.4 | I4: 66225.14 | J4: 68226.49 | K4: 71281.81 | L4: 75152.14 | M4: 78466.86 | N4: 81244.9 | O4: 86009.86 | P4: 89313.49 | Q4: 92457.86 | R4: 95399.71 | S4: 98031.28 | T4: 100537.6 | U4: 102822.8 | V4: 105174.1 | W4: 107601.9 | X4: 109954.3 | Y4: 111955.9 | Z4: 113867.6 | AA4: 115702.5 | AB4: 117482.8 | AC4: 119070.8 | AD4: 120391.1 | AE4: 121455.5 | AF4: 122617.4 | AG4: 123606.6 | AH4: 124815.6 | AI4: 126193.2 | AJ4: 127288.4 | AK4: 128166.7 | AL4: 128963.5 | AM4: 129683 | AN4: 130448.6
A5: SA | B5: GWh | F5: 15842.91 | G5: 16225.28 | H5: 16529.09 | I5: 16844.47 | J5: 20032.47 | K5: 20469.66 | L5: 20960.57 | M5: 21900.27 | N5: 23015.03 | O5: 23494.72 | P5: 24040.28 | Q5: 24617.97 | R5: 25172.72 | S5: 25757.41 | T5: 26323.01 | U5: 26957.23 | V5: 27587.65 | W5: 28218.94 | X5: 28878.73 | Y5: 29500.73 | Z5: 30157.4 | AA5: 30789.64 | AB5: 31434.98 | AC5: 32011.69 | AD5: 32592.82 | AE5: 33060.62 | AF5: 33543.66 | AG5: 33957.88 | AH5: 34397.45 | AI5: 34874.67 | AJ5: 35264.92 | AK5: 35636.29 | AL5: 35973.48 | AM5: 36272.78 | AN5: 36565.07
A6: TAS | B6: GWh | F6: 11269.68 | G6: 11501.71 | H6: 11680.12 | I6: 11868.02 | J6: 12091.38 | K6: 12339.55 | L6: 12571.53 | M6: 12970.87 | N6: 13232.74 | O6: 13478.37 | P6: 13726.4 | Q6: 14016.48 | R6: 14276.71 | S6: 14536.41 | T6: 14725.65 | U6: 14913.97 | V6: 15066.36 | W6: 15178 | X6: 15307.18 | Y6: 15453.24 | Z6: 15601.31 | AA6: 15733.53 | AB6: 15869.9 | AC6: 15983.5 | AD6: 16077.78 | AE6: 16124.43 | AF6: 16174.47 | AG6: 16244.76 | AH6: 16318.96 | AI6: 16440.07 | AJ6: 16449.89 | AK6: 16489.72 | AL6: 16508.86 | AM6: 16534.02 | AN6: 16579.51
A7: VIC | B7: GWh | F7: 49599.15 | G7: 50750.11 | H7: 51832.68 | I7: 52847.88 | J7: 54595.7 | K7: 57493.08 | L7: 60215.67 | M7: 62458.73 | N7: 64360.15 | O7: 66557.22 | P7: 69078.42 | Q7: 71974.72 | R7: 74770.66 | S7: 77261.09 | T7: 79500.06 | U7: 81603.57 | V7: 83803.31 | W7: 85959.42 | X7: 88122.13 | Y7: 90029.82 | Z7: 92317.08 | AA7: 94237.84 | AB7: 96042.08 | AC7: 97632.19 | AD7: 99184.93 | AE7: 100454.4 | AF7: 101868.1 | AG7: 103079.9 | AH7: 104426.5 | AI7: 105915.6 | AJ7: 107027.7 | AK7: 108099.8 | AL7: 108916.9 | AM7: 109687.9 | AN7: 110475.7
A9: Capacity Mix at FY-end | C9: 2026 | D9: 2027 | E9: 2028 | F9: 2029 | G9: 2030 | H9: 2031 | I9: 2032 | J9: 2033 | K9: 2034 | L9: 2035 | M9: 2036 | N9: 2037 | O9: 2038 | P9: 2039 | Q9: 2040 | R9: 2041 | S9: 2042 | T9: 2043 | U9: 2044 | V9: 2045 | W9: 2046 | X9: 2047 | Y9: 2048 | Z9: 2049 | AA9: 2050 | AB9: 2051 | AC9: 2052 | AD9: 2053 | AE9: 2054 | AF9: 2055 | AG9: 2056 | AH9: 2057 | AI9: 2058 | AJ9: 2059 | AK9: 2060
A10: NSW
A11: Coal | B11: MW | C11: 8260 | D11: 8260 | E11: 6820 | F11: 5380 | G11: 5380 | H11: 5380 | I11: 4060 | J11: 2700 | K11: 1340 | L11: 1340 | M11: 1340 | N11: 1340 | O11: 1340 | P11: 1340 | Q11: 0 | R11: 0 | S11: 0 | T11: 0 | U11: 0 | V11: 0 | W11: 0 | X11: 0 | Y11: 0 | Z11: 0 | AA11: 0 | AB11: 0 | AC11: 0 | AD11: 0 | AE11: 0 | AF11: 0 | AG11: 0 | AH11: 0 | AI11: 0 | AJ11: 0 | AK11: 0
A12: Hydro | B12: MW | C12: 1693 | D12: 1693 | E12: 1693 | F12: 1693 | G12: 1693 | H12: 1693 | I12: 1693 | J12: 1693 | K12: 1693 | L12: 1693 | M12: 1693 | N12: 1693 | O12: 1693 | P12: 1693 | Q12: 1693 | R12: 1693 | S12: 1693 | T12: 1693 | U12: 1693 | V12: 1693 | W12: 1693 | X12: 1693 | Y12: 1693 | Z12: 1693 | AA12: 1693 | AB12: 1693 | AC12: 1693 | AD12: 1693 | AE12: 1693 | AF12: 1693 | AG12: 1693 | AH12: 1693 | AI12: 1693 | AJ12: 1693 | AK12: 1693
A13: Gas | B13: MW | C13: 3076 | D13: 3076 | E13: 3076 | F13: 3076 | G13: 3076 | H13: 3076 | I13: 3076 | J13: 3076 | K13: 3076 | L13: 3076 | M13: 3476 | N13: 3476 | O13: 3476 | P13: 3476 | Q13: 3776 | R13: 3776 | S13: 3776 | T13: 4776 | U13: 4936 | V13: 4694 | W13: 5094 | X13: 5094 | Y13: 5194 | Z13: 5634 | AA13: 6034 | AB13: 6434 | AC13: 5634 | AD13: 5834 | AE13: 5834 | AF13: 6034 | AG13: 6034 | AH13: 6034 | AI13: 6034 | AJ13: 6034 | AK13: 6034
A14: Liquid Fuel | B14: MW | C14: 44 | D14: 44 | E14: 44 | F14: 44 | G14: 44 | H14: 44 | I14: 44 | J14: 44 | K14: 44 | L14: 44 | M14: 0 | N14: 0 | O14: 0 | P14: 0 | Q14: 0 | R14: 0 | S14: 0 | T14: 0 | U14: 0 | V14: 0 | W14: 0 | X14: 0 | Y14: 0 | Z14: 0 | AA14: 0 | AB14: 0 | AC14: 0 | AD14: 0 | AE14: 0 | AF14: 0 | AG14: 0 | AH14: 0 | AI14: 0 | AJ14: 0 | AK14: 0
A15: Wind | B15: MW | C15: 2821 | D15: 2821 | E15: 2821 | F15: 4119.1 | G15: 5153.62 | H15: 6637.82 | I15: 8140.12 | J15: 10654.22 | K15: 11466.32 | L15: 12408.42 | M15: 13038.42 | N15: 13538.42 | O15: 14718.42 | P15: 15438.42 | Q15: 16938.42 | R15: 17088.42 | S15: 17748.42 | T15: 17748.42 | U15: 17968.42 | V15: 18538.42 | W15: 19238.42 | X15: 20008.42 | Y15: 20078.42 | Z15: 20688.42 | AA15: 21448.42 | AB15: 22058.42 | AC15: 22058.42 | AD15: 22148.42 | AE15: 22198.42 | AF15: 22648.42 | AG15: 22910.42 | AH15: 22910.42 | AI15: 23130.42 | AJ15: 23150.42 | AK15: 23770.42
A16: Solar | B16: MW | C16: 5733.83 | D16: 6860.12 | E16: 7151.01 | F16: 7714.94 | G16: 8268.74 | H16: 8867.7 | I16: 9515.39 | J16: 9630.54 | K16: 9756.81 | L16: 10088.61 | M16: 10291.83 | N16: 10711.62 | O16: 10830.06 | P16: 11284.21 | Q16: 12979.14 | R16: 13103.43 | S16: 13804.98 | T16: 14106.66 | U16: 14300.97 | V16: 14675.89 | W16: 14866.28 | X16: 15206.65 | Y16: 15490.99 | Z16: 15826.81 | AA16: 16067.01 | AB16: 16207.24 | AC16: 16290.65 | AD16: 16777.58 | AE16: 16917.74 | AF16: 17077.93 | AG16: 17160.35 | AH16: 17458.29 | AI16: 17738.46 | AJ16: 17828.64 | AK16: 18120.07
A17: Solar Rooftop | B17: MW | C17: 7832.96 | D17: 8513.81 | E17: 9189.59 | F17: 9887.68 | G17: 10549.35 | H17: 11172.73 | I17: 11739.08 | J17: 12303.12 | K17: 12805.03 | L17: 13320.73 | M17: 13860.24 | N17: 14475.84 | O17: 15110.55 | P17: 15656.37 | Q17: 16202.19 | R17: 16748.01 | S17: 17293.83 | T17: 17839.65 | U17: 18385.47 | V17: 18931.29 | W17: 19477.1 | X17: 20022.92 | Y17: 20568.74 | Z17: 21114.56 | AA17: 21660.38 | AB17: 22206.2 | AC17: 22752.02 | AD17: 23297.84 | AE17: 23843.66 | AF17: 24389.48 | AG17: 24844.33 | AH17: 25299.18 | AI17: 25754.03 | AJ17: 26208.87 | AK17: 26663.72
A18: NSG | B18: MW | C18: 273.97 | D18: 274.2 | E18: 274.49 | F18: 274.65 | G18: 274.88 | H18: 275.14 | I18: 275.44 | J18: 275.61 | K18: 275.86 | L18: 276.08 | M18: 274.24 | N18: 272.16 | O18: 272.26 | P18: 272.27 | Q18: 272.31 | R18: 272.24 | S18: 272.27 | T18: 272.28 | U18: 272.32 | V18: 272.28 | W18: 272.26 | X18: 272.24 | Y18: 272.33 | Z18: 272.28 | AA18: 272.27 | AB18: 272.28 | AC18: 272.3 | AD18: 272.27 | AE18: 272.28 | AF18: 272.28 | AG18: 271.89 | AH18: 272.29 | AI18: 272.3 | AJ18: 272.3 | AK18: 271.91
A19: Utility Batteries (<=4h) | B19: MW | C19: 1670 | D19: 3708 | E19: 3928 | F19: 3928 | G19: 4388 | H19: 4748 | I19: 5388.47 | J19: 6124.28 | K19: 6344.28 | L19: 6865.28 | M19: 7735.28 | N19: 8335.28 | O19: 8735.28 | P19: 8935.28 | Q19: 9335.28 | R19: 9335.28 | S19: 9335.28 | T19: 9385.28 | U19: 9775.28 | V19: 9575.28 | W19: 9575.28 | X19: 9495.28 | Y19: 8957.28 | Z19: 8957.28 | AA19: 8497.28 | AB19: 8137.28 | AC19: 7496.82 | AD19: 6761 | AE19: 6541 | AF19: 6321 | AG19: 6101 | AH19: 6101 | AI19: 6101 | AJ19: 6101 | AK19: 6101
A20: Distributed Batteries | B20: MW | C20: 977.33 | D20: 1351.06 | E20: 1725.71 | F20: 2092.38 | G20: 2438.86 | H20: 2762.89 | I20: 3089.99 | J20: 3420.84 | K20: 3737.12 | L20: 4052.64 | M20: 4370.54 | N20: 4701.35 | O20: 5035.22 | P20: 5367.15 | Q20: 5683.67 | R20: 6006.53 | S20: 6336.52 | T20: 6664.69 | U20: 6984.49 | V20: 7317.49 | W20: 7667.27 | X20: 8031.71 | Y20: 8402.91 | Z20: 8760.34 | AA20: 9110.11 | AB20: 9441.44 | AC20: 9773.9 | AD20: 10103.04 | AE20: 10420.45 | AF20: 10747.91 | AG20: 11077.18 | AH20: 11408.27 | AI20: 11741.2 | AJ20: 12075.98 | AK20: 12412.63
A21: Medium Storage (>4-16h) | B21: MW | C21: 240 | D21: 565 | E21: 854 | F21: 1279 | G21: 1479 | H21: 1865.98 | I21: 2065.98 | J21: 3128.31 | K21: 3328.31 | L21: 3530.31 | M21: 3530.31 | N21: 3530.31 | O21: 3530.31 | P21: 3530.31 | Q21: 4031.31 | R21: 4031.31 | S21: 4031.31 | T21: 4031.31 | U21: 4531.31 | V21: 4531.31 | W21: 4531.31 | X21: 4531.31 | Y21: 4017.31 | Z21: 3892.31 | AA21: 3892.31 | AB21: 3705.33 | AC21: 3705.33 | AD21: 4043 | AE21: 4393 | AF21: 4393 | AG21: 4393 | AH21: 4393 | AI21: 4393 | AJ21: 4393 | AK21: 4393
A22: Deep Storage (>16h) | B22: MW | C22: 900 | D22: 900 | E22: 900 | F22: 900 | G22: 1920 | H22: 2940 | I22: 2940 | J22: 2940 | K22: 2940 | L22: 2940 | M22: 2940 | N22: 2940 | O22: 2940 | P22: 2940 | Q22: 3440 | R22: 3440 | S22: 3440 | T22: 3440 | U22: 3440 | V22: 3440 | W22: 3440 | X22: 3440 | Y22: 3440 | Z22: 3440 | AA22: 3440 | AB22: 3440 | AC22: 3440 | AD22: 3440 | AE22: 3440 | AF22: 3440 | AG22: 3440 | AH22: 3440 | AI22: 3440 | AJ22: 3440 | AK22: 3440
A23: Coal retirement | D23: =D11-C11 -> 0 | E23: =E11-D11 -> -1440 | F23: =F11-E11 -> -1440 | G23: =G11-F11 -> 0 | H23: =H11-G11 -> 0 | I23: =I11-H11 -> -1320 | J23: =J11-I11 -> -1360 | K23: =K11-J11 -> -1360 | ... AK23: =AK11-AJ11 -> 0
A24: Gas retirements | B24: MW | U24: -440 | V24: =-(178+664) -> -842
A25: Net Delta Gas YoY | B25: MW | D25: =(D13-C13)-D24 -> 0 | E25: =(E13-D13)-E24 -> 0 | F25: =(F13-E13)-F24 -> 0 | G25: =(G13-F13)-G24 -> 0 | H25: =(H13-G13)-H24 -> 0 | I25: =(I13-H13)-I24 -> 0 | J25: =(J13-I13)-J24 -> 0 | K25: =(K13-J13)-K24 -> 0 | ... AK25: =(AK13-AJ13)-AK24 -> 0
A27: QLD
A28: Coal | B28: MW | C28: 8165 | D28: 8119 | E28: 8119 | F28: 6439 | G28: 6439 | H28: 6439 | I28: 5739 | J28: 5739 | K28: 4339 | L28: 3609 | M28: 2879 | N28: 2879 | O28: 2436 | P28: 2436 | Q28: 2016 | R28: 1596 | S28: 1596 | T28: 852 | U28: 852 | V28: 0 | W28: 0 | X28: 0 | Y28: 0 | Z28: 0 | AA28: 0 | AB28: 0 | AC28: 0 | AD28: 0 | AE28: 0 | AF28: 0 | AG28: 0 | AH28: 0 | AI28: 0 | AJ28: 0 | AK28: 0
A29: Hydro | B29: MW | C29: 152.4 | D29: 152.4 | E29: 152.4 | F29: 152.4 | G29: 152.4 | H29: 152.4 | I29: 152.4 | J29: 152.4 | K29: 152.4 | L29: 152.4 | M29: 152.4 | N29: 152.4 | O29: 152.4 | P29: 152.4 | Q29: 152.4 | R29: 152.4 | S29: 152.4 | T29: 152.4 | U29: 152.4 | V29: 152.4 | W29: 152.4 | X29: 152.4 | Y29: 152.4 | Z29: 152.4 | AA29: 152.4 | AB29: 152.4 | AC29: 152.4 | AD29: 152.4 | AE29: 152.4 | AF29: 152.4 | AG29: 152.4 | AH29: 152.4 | AI29: 152.4 | AJ29: 152.4 | AK29: 152.4
A30: Gas | B30: MW | C30: 3016 | D30: 3016 | E30: 3016 | F30: 3016 | G30: 3016 | H30: 3016 | I30: 3016 | J30: 3816 | K30: 4376 | L30: 4642 | M30: 4642 | N30: 4272 | O30: 4472 | P30: 4472 | Q30: 4328 | R30: 4328 | S30: 4328 | T30: 4928 | U30: 4928 | V30: 4928 | W30: 4926 | X30: 4927 | Y30: 4927 | Z30: 5327 | AA30: 5808 | AB30: 5468 | AC30: 5468 | AD30: 5468 | AE30: 5468 | AF30: 5468 | AG30: 5468 | AH30: 5468 | AI30: 5468 | AJ30: 5468 | AK30: 5468
A31: Liquid Fuel | B31: MW | C31: 419 | D31: 419 | E31: 419 | F31: 419 | G31: 419 | H31: 419 | I31: 419 | J31: 419 | K31: 131 | L31: 131 | M31: 131 | N31: 131 | O31: 131 | P31: 131 | Q31: 131 | R31: 131 | S31: 131 | T31: 131 | U31: 131 | V31: 0 | W31: 0 | X31: 0 | Y31: 0 | Z31: 0 | AA31: 0 | AB31: 0 | AC31: 0 | AD31: 0 | AE31: 0 | AF31: 0 | AG31: 0 | AH31: 0 | AI31: 0 | AJ31: 0 | AK31: 0
A32: Wind | B32: MW | C32: 2400 | D32: 2652 | E32: 3619 | F32: 3819 | G32: 5423 | H32: 6045 | I32: 6895 | J32: 7285 | K32: 8745 | L32: 9045 | M32: 10499 | N32: 11289 | O32: 12069 | P32: 12339 | Q32: 13609 | R32: 14869 | S32: 14999 | T32: 16769 | U32: 16769 | V32: 17829 | W32: 17899 | X32: 17979 | Y32: 17979 | Z32: 18029 | AA32: 18129 | AB32: 18439 | AC32: 18439 | AD32: 18669 | AE32: 18979 | AF32: 19279 | AG32: 19329 | AH32: 19369 | AI32: 19369 | AJ32: 19419 | AK32: 19419
A33: Solar | B33: MW | C33: 3993.79 | D33: 4418.48 | E33: 4770.51 | F33: 5158.35 | G33: 5193.4 | H33: 5268.84 | I33: 5664.81 | J33: 6238.97 | K33: 6751.81 | L33: 8483.3 | M33: 8915.68 | N33: 10148.42 | O33: 10994.14 | P33: 11535.23 | Q33: 12133.97 | R33: 12489.09 | S33: 12742.2 | T33: 13262.75 | U33: 14528.85 | V33: 15593.48 | W33: 16374.66 | X33: 16905.57 | Y33: 17522.04 | Z33: 18096.94 | AA33: 18267.88 | AB33: 18668.75 | AC33: 18734.59 | AD33: 18810.37 | AE33: 18881.2 | AF33: 18952.05 | AG33: 19017.13 | AH33: 19103.71 | AI33: 19174.54 | AJ33: 19245.38 | AK33: 19319.68
A34: Solar Rooftop | B34: MW | C34: 6822.98 | D34: 7264.59 | E34: 7703.64 | F34: 8152.86 | G34: 8590.58 | H34: 9029.74 | I34: 9407.98 | J34: 9763.16 | K34: 10107.72 | L34: 10481.86 | M34: 10880.03 | N34: 11315.59 | O34: 11759.36 | P34: 12129.59 | Q34: 12499.82 | R34: 12870.05 | S34: 13240.28 | T34: 13610.51 | U34: 13980.74 | V34: 14350.96 | W34: 14721.19 | X34: 15091.42 | Y34: 15461.65 | Z34: 15831.88 | AA34: 16202.11 | AB34: 16572.34 | AC34: 16942.57 | AD34: 17312.79 | AE34: 17683.02 | AF34: 18053.25 | AG34: 18361.78 | AH34: 18670.3 | AI34: 18978.82 | AJ34: 19287.35 | AK34: 19595.87
A35: NSG | B35: MW | C35: 194.9 | D35: 198.61 | E35: 202.26 | F35: 205.95 | G35: 208.41 | H35: 210.64 | I35: 214.37 | J35: 218.02 | K35: 221.68 | L35: 225.41 | M35: 220.94 | N35: 215.91 | O35: 205.35 | P35: 195.91 | Q35: 199.6 | R35: 203.3 | S35: 207.02 | T35: 210.76 | U35: 214.43 | V35: 218.06 | W35: 221.8 | X35: 225.49 | Y35: 229.21 | Z35: 232.93 | AA35: 235.36 | AB35: 237.83 | AC35: 241.57 | AD35: 245.3 | AE35: 249.03 | AF35: 252.69 | AG35: 255.81 | AH35: 260.07 | AI35: 263.77 | AJ35: 267.46 | AK35: 270.54
A36: Utility Batteries (<=4h) | B36: MW | C36: 1867 | D36: 3067 | E36: 3067 | F36: 3099.41 | G36: 3199.41 | H36: 4400.41 | I36: 6367.08 | J36: 7430.41 | K36: 8430.41 | L36: 9430.41 | M36: 9430.41 | N36: 10281.41 | O36: 10781.41 | P36: 11681.41 | Q36: 11679.41 | R36: 11679.41 | S36: 12329.41 | T36: 12229.41 | U36: 12829.41 | V36: 13679.41 | W36: 14524.41 | X36: 13644.41 | Y36: 13764.41 | Z36: 13732 | AA36: 13632 | AB36: 13932 | AC36: 13665.33 | AD36: 14002 | AE36: 14002 | AF36: 14002 | AG36: 14102 | AH36: 14102 | AI36: 14102 | AJ36: 14102 | AK36: 14102
A37: Distributed Batteries | B37: MW | C37: 519.23 | D37: 747.39 | E37: 981.03 | F37: 1214.57 | G37: 1445.91 | H37: 1721.43 | I37: 1993.26 | J37: 2258.34 | K37: 2530.01 | L37: 2809 | M37: 3088.88 | N37: 3361.27 | O37: 3632.85 | P37: 3914.37 | Q37: 4179.31 | R37: 4435.5 | S37: 4693.14 | T37: 4949.39 | U37: 5219.4 | V37: 5495.41 | W37: 5786.51 | X37: 6077.65 | Y37: 6370.19 | Z37: 6667.35 | AA37: 6945.82 | AB37: 7214.46 | AC37: 7477.22 | AD37: 7730.86 | AE37: 7988.74 | AF37: 8254.3 | AG37: 8521.33 | AH37: 8789.83 | AI37: 9059.82 | AJ37: 9331.32 | AK37: 9604.33
A38: Medium Storage (>4-16h) | B38: MW | C38: 250 | D38: 250 | E38: 250 | F38: 250 | G38: 250 | H38: 250 | I38: 250 | J38: 250 | K38: 250 | L38: 250 | M38: 250 | N38: 250 | O38: 250 | P38: 250 | Q38: 250 | R38: 250 | S38: 250 | T38: 250 | U38: 250 | V38: 250 | W38: 250 | X38: 250 | Y38: 250 | Z38: 250 | AA38: 250 | AB38: 250 | AC38: 250 | AD38: 250 | AE38: 250 | AF38: 250 | AG38: 250 | AH38: 250 | AI38: 250 | AJ38: 250 | AK38: 250
A39: Deep Storage (>16h) | B39: MW | C39: 570 | D39: 570 | E39: 570 | F39: 570 | G39: 570 | H39: 570 | I39: 570 | J39: 570 | K39: 570 | L39: 1569.9 | M39: 2569.8 | N39: 2569.8 | O39: 2569.8 | P39: 2569.8 | Q39: 2569.8 | R39: 2569.8 | S39: 2569.8 | T39: 2569.8 | U39: 2569.8 | V39: 2569.8 | W39: 2569.8 | X39: 2569.8 | Y39: 2569.8 | Z39: 2569.8 | AA39: 2569.8 | AB39: 2569.8 | AC39: 2569.8 | AD39: 2569.8 | AE39: 2569.8 | AF39: 2569.8 | AG39: 2569.8 | AH39: 2569.8 | AI39: 2569.8 | AJ39: 2569.8 | AK39: 2569.8
A40: Coal retirement | D40: =D28-C28 -> -46 | E40: =E28-D28 -> 0 | F40: =F28-E28 -> -1680 | G40: =G28-F28 -> 0 | H40: =H28-G28 -> 0 | I40: =I28-H28 -> -700 | J40: =J28-I28 -> 0 | K40: =K28-J28 -> -1400 | ... AK40: =AK28-AJ28 -> 0
A41: Gas retirements | B41: MW | K41: -292 | N41: -370 | Q41: -144 | V41: -122 | W41: -630 | X41: -747 | AA41: -519 | AB41: -332
A42: Net Delta Gas YoY | B42: MW | D42: =(D30-C30)-D41 -> 0 | E42: =(E30-D30)-E41 -> 0 | F42: =(F30-E30)-F41 -> 0 | G42: =(G30-F30)-G41 -> 0 | H42: =(H30-G30)-H41 -> 0 | I42: =(I30-H30)-I41 -> 0 | J42: =(J30-I30)-J41 -> 800 | K42: =(K30-J30)-K41 -> 852 | ... AK42: =(AK30-AJ30)-AK41 -> 0
I43: =I42+D42 -> 0
A44: SA
A45: Coal | B45: MW | C45: 0 | D45: 0 | E45: 0 | F45: 0 | G45: 0 | H45: 0 | I45: 0 | J45: 0 | K45: 0 | L45: 0 | M45: 0 | N45: 0 | O45: 0 | P45: 0 | Q45: 0 | R45: 0 | S45: 0 | T45: 0 | U45: 0 | V45: 0 | W45: 0 | X45: 0 | Y45: 0 | Z45: 0 | AA45: 0 | AB45: 0 | AC45: 0 | AD45: 0 | AE45: 0 | AF45: 0 | AG45: 0 | AH45: 0 | AI45: 0 | AJ45: 0 | AK45: 0
A46: Hydro | B46: MW | C46: 0 | D46: 0 | E46: 0 | F46: 0 | G46: 0 | H46: 0 | I46: 0 | J46: 0 | K46: 0 | L46: 0 | M46: 0 | N46: 0 | O46: 0 | P46: 0 | Q46: 0 | R46: 0 | S46: 0 | T46: 0 | U46: 0 | V46: 0 | W46: 0 | X46: 0 | Y46: 0 | Z46: 0 | AA46: 0 | AB46: 0 | AC46: 0 | AD46: 0 | AE46: 0 | AF46: 0 | AG46: 0 | AH46: 0 | AI46: 0 | AJ46: 0 | AK46: 0
A47: Gas | B47: MW | C47: 2592 | D47: 2592 | E47: 2402 | F47: 1802 | G47: 1802 | H47: 1564 | I47: 1564 | J47: 1630 | K47: 1630 | L47: 1630 | M47: 1546 | N47: 1546 | O47: 1417 | P47: 1417 | Q47: 1717 | R47: 1717 | S47: 1717 | T47: 1717 | U47: 1717 | V47: 1773 | W47: 1650 | X47: 1650 | Y47: 1696 | Z47: 1696 | AA47: 1696 | AB47: 1696 | AC47: 1696 | AD47: 1596 | AE47: 1573 | AF47: 1527 | AG47: 1504 | AH47: 1504 | AI47: 1504 | AJ47: 1504 | AK47: 1504
A48: Liquid Fuel | B48: MW | C48: 242 | D48: 242 | E48: 129 | F48: 129 | G48: 129 | H48: 129 | I48: 129 | J48: 129 | K48: 129 | L48: 129 | M48: 129 | N48: 129 | O48: 129 | P48: 129 | Q48: 129 | R48: 129 | S48: 129 | T48: 129 | U48: 129 | V48: 129 | W48: 129 | X48: 129 | Y48: 129 | Z48: 129 | AA48: 129 | AB48: 129 | AC48: 129 | AD48: 129 | AE48: 129 | AF48: 129 | AG48: 129 | AH48: 129 | AI48: 129 | AJ48: 129 | AK48: 129
A49: Wind | B49: MW | C49: 2764 | D49: 2764 | E49: 2764 | F49: 3148.58 | G49: 3450.58 | H49: 3530.58 | I49: 3620.58 | J49: 3620.58 | K49: 3780.58 | L49: 3840.58 | M49: 3940.58 | N49: 3940.58 | O49: 4040.58 | P49: 4290.58 | Q49: 4390.58 | R49: 4640.58 | S49: 4640.58 | T49: 4840.58 | U49: 4840.58 | V49: 5090.58 | W49: 5442.58 | X49: 5592.58 | Y49: 5642.58 | Z49: 5842.58 | AA49: 5842.58 | AB49: 5842.58 | AC49: 5842.58 | AD49: 5842.58 | AE49: 5842.58 | AF49: 5992.58 | AG49: 6192.58 | AH49: 6192.58 | AI49: 6192.58 | AJ49: 6192.58 | AK49: 6192.58
A50: Solar | B50: MW | C50: 806.59 | D50: 823.05 | E50: 838.99 | F50: 851.04 | G50: 1406.26 | H50: 1429.4 | I50: 1852.59 | J50: 2268.45 | K50: 2289.27 | L50: 2315.26 | M50: 2591.62 | N50: 2922.89 | O50: 3102.84 | P50: 3167.55 | Q50: 3194.92 | R50: 3234.31 | S50: 3262.64 | T50: 3310.59 | U50: 3456.44 | V50: 3496.25 | W50: 3544.24 | X50: 3582.23 | Y50: 3618.15 | Z50: 3658.06 | AA50: 3706.04 | AB50: 3744 | AC50: 3809.65 | AD50: 3849.9 | AE50: 3907.85 | AF50: 3945.81 | AG50: 4041.15 | AH50: 4091.71 | AI50: 4139.66 | AJ50: 4177.62 | AK50: 4232.65
A51: Solar Rooftop | B51: MW | C51: 2675.23 | D51: 2815.96 | E51: 2953.69 | F51: 3103.66 | G51: 3238.36 | H51: 3378.47 | I51: 3503.19 | J51: 3636.52 | K51: 3748.43 | L51: 3869.08 | M51: 3989.45 | N51: 4132.53 | O51: 4265.37 | P51: 4384.64 | Q51: 4503.9 | R51: 4623.16 | S51: 4742.42 | T51: 4861.68 | U51: 4980.94 | V51: 5100.2 | W51: 5219.46 | X51: 5338.72 | Y51: 5457.98 | Z51: 5577.24 | AA51: 5696.5 | AB51: 5815.76 | AC51: 5935.02 | AD51: 6054.28 | AE51: 6173.54 | AF51: 6292.8 | AG51: 6392.19 | AH51: 6491.57 | AI51: 6590.96 | AJ51: 6690.34 | AK51: 6789.72
A52: NSG | B52: MW | C52: 363.53 | D52: 363.53 | E52: 363.52 | F52: 363.53 | G52: 362.5 | H52: 361.46 | I52: 361.47 | J52: 361.46 | K52: 361.46 | L52: 360.44 | M52: 359.41 | N52: 359.41 | O52: 359.41 | P52: 359.41 | Q52: 359.41 | R52: 359.41 | S52: 359.41 | T52: 359.41 | U52: 359.41 | V52: 359.41 | W52: 359.41 | X52: 359.41 | Y52: 359.41 | Z52: 359.41 | AA52: 359.41 | AB52: 359.41 | AC52: 359.41 | AD52: 359.41 | AE52: 359.41 | AF52: 359.41 | AG52: 359.39 | AH52: 359.41 | AI52: 359.41 | AJ52: 359.41 | AK52: 359.39
A53: Utility Batteries (<=4h) | B53: MW | C53: 1081.02 | D53: 1631.02 | E53: 1881.02 | F53: 1993.76 | G53: 2121.87 | H53: 2121.87 | I53: 2625.35 | J53: 3626.35 | K53: 4076.35 | L53: 4236.35 | M53: 4536.35 | N53: 4816.35 | O53: 5166.35 | P53: 5176.35 | Q53: 5151.35 | R53: 5071.35 | S53: 5071.35 | T53: 5063.35 | U53: 5057.83 | V53: 4866.33 | W53: 5306.33 | X53: 4985.33 | Y53: 4735.33 | Z53: 4872.6 | AA53: 5094.49 | AB53: 5294.49 | AC53: 5192 | AD53: 5192 | AE53: 5392 | AF53: 5492 | AG53: 5592 | AH53: 5592 | AI53: 5592 | AJ53: 5592 | AK53: 5692
A54: Distributed Batteries | B54: MW | C54: 506.73 | D54: 656.53 | E54: 810.56 | F54: 962.51 | G54: 1099.5 | H54: 1198.44 | I54: 1296.75 | J54: 1392.78 | K54: 1492.55 | L54: 1591.74 | M54: 1691.15 | N54: 1791.04 | O54: 1892.67 | P54: 1992.41 | Q54: 2071.78 | R54: 2138.84 | S54: 2214.1 | T54: 2285.7 | U54: 2362.9 | V54: 2441.91 | W54: 2526.22 | X54: 2610.91 | Y54: 2696.85 | Z54: 2781.4 | AA54: 2854.49 | AB54: 2945.72 | AC54: 3036.04 | AD54: 3121.96 | AE54: 3207.2 | AF54: 3292.08 | AG54: 3377.43 | AH54: 3463.26 | AI54: 3549.55 | AJ54: 3636.33 | AK54: 3723.6
A55: Medium Storage (>4-16h) | B55: MW | C55: 0 | D55: 0 | E55: 0 | F55: 0 | G55: 0 | H55: 0 | I55: 0 | J55: 0 | K55: 0 | L55: 0 | M55: 0 | N55: 0 | O55: 0 | P55: 0 | Q55: 251 | R55: 251 | S55: 251 | T55: 251 | U55: 251 | V55: 251 | W55: 251 | X55: 251 | Y55: 251 | Z55: 251 | AA55: 251 | AB55: 251 | AC55: 251 | AD55: 251 | AE55: 251 | AF55: 251 | AG55: 251 | AH55: 251 | AI55: 251 | AJ55: 251 | AK55: 251
A56: Deep Storage (>16h) | B56: MW | C56: 0 | D56: 0 | E56: 0 | F56: 0 | G56: 0 | H56: 0 | I56: 0 | J56: 0 | K56: 0 | L56: 0 | M56: 0 | N56: 0 | O56: 0 | P56: 0 | Q56: 0 | R56: 0 | S56: 250 | T56: 250 | U56: 250 | V56: 250 | W56: 250 | X56: 250 | Y56: 250 | Z56: 250 | AA56: 250 | AB56: 250 | AC56: 250 | AD56: 250 | AE56: 250 | AF56: 250 | AG56: 250 | AH56: 250 | AI56: 250 | AJ56: 250 | AK56: 250
A57: Gas retirements | B57: MW | E57: -190 | F57: 0 | H57: =-(800+143) -> -943 | J57: -234 | O57: -529 | V57: -55 | W57: -123 | Y57: 0 | AD57: -100 | AE57: -23 | AF57: -46
A58: Net Delta Gas YoY | B58: MW | D58: =(D47-C47)-D57 -> 0 | E58: =(E47-D47)-E57 -> 0 | F58: =(F47-E47)-F57 -> -600 | G58: =(G47-F47)-G57 -> 0 | H58: =(H47-G47)-H57+F58 -> 105 | I58: =(I47-H47)-I57 -> 0 | J58: =(J47-I47)-J57 -> 300 | K58: =(K47-J47)-K57 -> 0 | L58: =(L47-K47)-L57 -> 0 | M58: =(M47-L47)-M57 -> -84 | N58: =(N47-M47)-N57 -> 0 | O58: =(O47-N47)-O57+M58 -> 316 | P58: =(P47-O47)-P57 -> 0 | Q58: =(Q47-P47)-Q57 -> 300 | R58: =(R47-Q47)-R57 -> 0 | S58: =(S47-R47)-S57 -> 0 | T58: =(T47-S47)-T57 -> 0 | U58: =(U47-T47)-U57 -> 0 | V58: =(V47-U47)-V57 -> 111 | W58: =(W47-V47)-W57 -> 0 | ... AK58: =(AK47-AJ47)-AK57 -> 0
A60: TAS
A61: Coal | B61: MW | C61: 0 | D61: 0 | E61: 0 | F61: 0 | G61: 0 | H61: 0 | I61: 0 | J61: 0 | K61: 0 | L61: 0 | M61: 0 | N61: 0 | O61: 0 | P61: 0 | Q61: 0 | R61: 0 | S61: 0 | T61: 0 | U61: 0 | V61: 0 | W61: 0 | X61: 0 | Y61: 0 | Z61: 0 | AA61: 0 | AB61: 0 | AC61: 0 | AD61: 0 | AE61: 0 | AF61: 0 | AG61: 0 | AH61: 0 | AI61: 0 | AJ61: 0 | AK61: 0
A62: Hydro | B62: MW | C62: 2277.7 | D62: 2277.7 | E62: 2277.7 | F62: 2277.7 | G62: 2277.7 | H62: 2377.72 | I62: 2377.72 | J62: 2377.72 | K62: 2377.72 | L62: 2377.72 | M62: 2377.72 | N62: 2377.72 | O62: 2377.72 | P62: 2377.72 | Q62: 2377.72 | R62: 2377.72 | S62: 2377.72 | T62: 2377.72 | U62: 2377.72 | V62: 2377.72 | W62: 2377.72 | X62: 2377.72 | Y62: 2377.72 | Z62: 2377.72 | AA62: 2377.72 | AB62: 2377.72 | AC62: 2377.72 | AD62: 2377.72 | AE62: 2377.72 | AF62: 2377.72 | AG62: 2377.72 | AH62: 2377.72 | AI62: 2377.72 | AJ62: 2377.72 | AK62: 2377.72
A63: Gas | B63: MW | C63: 182 | D63: 182 | E63: 182 | F63: 182 | G63: 182 | H63: 182 | I63: 182 | J63: 182 | K63: 182 | L63: 182 | M63: 182 | N63: 182 | O63: 182 | P63: 182 | Q63: 182 | R63: 62 | S63: 62 | T63: 62 | U63: 62 | V63: 62 | W63: 62 | X63: 62 | Y63: 62 | Z63: 62 | AA63: 62 | AB63: 4 | AC63: 4 | AD63: 4 | AE63: 4 | AF63: 4 | AG63: 4 | AH63: 4 | AI63: 4 | AJ63: 4 | AK63: 4
A64: Liquid Fuel | B64: MW | C64: 0 | D64: 0 | E64: 0 | F64: 0 | G64: 0 | H64: 0 | I64: 0 | J64: 0 | K64: 0 | L64: 0 | M64: 0 | N64: 0 | O64: 0 | P64: 0 | Q64: 0 | R64: 0 | S64: 0 | T64: 0 | U64: 0 | V64: 0 | W64: 0 | X64: 0 | Y64: 0 | Z64: 0 | AA64: 0 | AB64: 0 | AC64: 0 | AD64: 0 | AE64: 0 | AF64: 0 | AG64: 0 | AH64: 0 | AI64: 0 | AJ64: 0 | AK64: 0
A65: Wind | B65: MW | C65: 566 | D65: 566 | E65: 587 | F65: 837 | G65: 987 | H65: 1167 | I65: 1267 | J65: 1367 | K65: 1567 | L65: 1597 | M65: 2277 | N65: 2437 | O65: 2507 | P65: 2557 | Q65: 2557 | R65: 2557 | S65: 2557 | T65: 2557 | U65: 2557 | V65: 2557 | W65: 2557 | X65: 2557 | Y65: 2557 | Z65: 2557 | AA65: 2557 | AB65: 2557 | AC65: 2557 | AD65: 2557 | AE65: 2557 | AF65: 2557 | AG65: 2557 | AH65: 2557 | AI65: 2557 | AJ65: 2557 | AK65: 2557
A66: Solar | B66: MW | C66: 13.65 | D66: 17.56 | E66: 20.87 | F66: 22.23 | G66: 25.86 | H66: 35.56 | I66: 43.57 | J66: 46.11 | K66: 48.99 | L66: 53.39 | M66: 57.49 | N66: 63.35 | O66: 67.62 | P66: 68.65 | Q66: 70.3 | R66: 73.91 | S66: 77.17 | T66: 79.93 | U66: 82.17 | V66: 85.14 | W66: 88.07 | X66: 90.9 | Y66: 93.39 | Z66: 96.39 | AA66: 99.19 | AB66: 102 | AC66: 104.5 | AD66: 107.56 | AE66: 110.34 | AF66: 113.14 | AG66: 115.61 | AH66: 118.71 | AI66: 121.5 | AJ66: 124.28 | AK66: 126.72
A67: Solar Rooftop | B67: MW | C67: 396.4 | D67: 436.26 | E67: 475.49 | F67: 517.5 | G67: 561.93 | H67: 603.6 | I67: 638 | J67: 669.62 | K67: 692.92 | L67: 718.13 | M67: 745.96 | N67: 782.72 | O67: 821.35 | P67: 853.22 | Q67: 885.09 | R67: 916.96 | S67: 948.83 | T67: 980.7 | U67: 1012.57 | V67: 1044.44 | W67: 1076.31 | X67: 1108.18 | Y67: 1140.05 | Z67: 1171.92 | AA67: 1203.8 | AB67: 1235.67 | AC67: 1267.54 | AD67: 1299.41 | AE67: 1331.28 | AF67: 1363.15 | AG67: 1389.71 | AH67: 1416.27 | AI67: 1442.83 | AJ67: 1469.38 | AK67: 1495.94
A68: NSG | B68: MW | C68: 54.79 | D68: 54.94 | E68: 54.96 | F68: 55.21 | G68: 55.35 | H68: 55.51 | I68: 55.59 | J68: 55.8 | K68: 55.95 | L68: 56.08 | M68: 56.14 | N68: 56.43 | O68: 56.55 | P68: 56.69 | Q68: 56.73 | R68: 56.97 | S68: 57.13 | T68: 57.31 | U68: 57.34 | V68: 57.57 | W68: 57.71 | X68: 57.85 | Y68: 57.93 | Z68: 58.18 | AA68: 58.31 | AB68: 58.45 | AC68: 58.49 | AD68: 58.76 | AE68: 58.94 | AF68: 59.08 | AG68: 59.07 | AH68: 59.39 | AI68: 59.55 | AJ68: 59.71 | AK68: 59.71
A69: Utility Batteries (<=4h) | B69: MW | C69: 0 | D69: 0 | E69: 0 | F69: 0 | G69: 0 | H69: 0 | I69: 0 | J69: 0 | K69: 0 | L69: 0 | M69: 0 | N69: 0 | O69: 0 | P69: 0 | Q69: 0 | R69: 0 | S69: 0 | T69: 0 | U69: 0 | V69: 0 | W69: 0 | X69: 0 | Y69: 0 | Z69: 0 | AA69: 0 | AB69: 0 | AC69: 0 | AD69: 0 | AE69: 0 | AF69: 0 | AG69: 0 | AH69: 0 | AI69: 0 | AJ69: 0 | AK69: 0
A70: Distributed Batteries | B70: MW | C70: 60.36 | D70: 82.75 | E70: 105.51 | F70: 128.08 | G70: 147.47 | H70: 166.35 | I70: 185.86 | J70: 204.12 | K70: 222.86 | L70: 241.59 | M70: 260.39 | N70: 279.02 | O70: 298.04 | P70: 315.59 | Q70: 330.31 | R70: 346.33 | S70: 363.63 | T70: 380.4 | U70: 397.86 | V70: 416.11 | W70: 435.07 | X70: 454.39 | Y70: 474.29 | Z70: 493.54 | AA70: 510.7 | AB70: 532.02 | AC70: 553.24 | AD70: 572.97 | AE70: 592.37 | AF70: 611.94 | AG70: 631.61 | AH70: 651.39 | AI70: 671.28 | AJ70: 691.29 | AK70: 711.4
A71: Medium Storage (>4-16h) | B71: MW | C71: 0 | D71: 0 | E71: 0 | F71: 0 | G71: 0 | H71: 0 | I71: 0 | J71: 0 | K71: 0 | L71: 0 | M71: 0 | N71: 0 | O71: 0 | P71: 0 | Q71: 0 | R71: 0 | S71: 0 | T71: 0 | U71: 0 | V71: 0 | W71: 0 | X71: 0 | Y71: 0 | Z71: 0 | AA71: 0 | AB71: 0 | AC71: 0 | AD71: 0 | AE71: 0 | AF71: 0 | AG71: 0 | AH71: 0 | AI71: 0 | AJ71: 0 | AK71: 0
A72: Deep Storage (>16h) | B72: MW | C72: 0 | D72: 0 | E72: 0 | F72: 0 | G72: 0 | H72: 0 | I72: 0 | J72: 0 | K72: 0 | L72: 0 | M72: 0 | N72: 0 | O72: 0 | P72: 0 | Q72: 0 | R72: 0 | S72: 0 | T72: 0 | U72: 0 | V72: 0 | W72: 0 | X72: 0 | Y72: 0 | Z72: 0 | AA72: 0 | AB72: 0 | AC72: 0 | AD72: 0 | AE72: 0 | AF72: 0 | AG72: 0 | AH72: 0 | AI72: 0 | AJ72: 0 | AK72: 0
A73: Delta Gas YoY | B73: MW | D73: =(D63-C63)+(D64-C64) -> 0 | E73: =(E63-D63)+(E64-D64) -> 0 | F73: =(F63-E63)+(F64-E64) -> 0 | G73: =(G63-F63)+(G64-F64) -> 0 | H73: =(H63-G63)+(H64-G64) -> 0 | I73: =(I63-H63)+(I64-H64) -> 0 | J73: =(J63-I63)+(J64-I64) -> 0 | K73: =(K63-J63)+(K64-J64) -> 0 | ... AK73: =(AK63-AJ63)+(AK64-AJ64) -> 0
A75: VIC | F75: =F76-E76 -> -1514.67
A76: Coal | B76: MW | C76: 4884.67 | D76: 4884.67 | E76: 4884.67 | F76: 3370 | G76: 3370 | H76: 3370 | I76: 3370 | J76: 3370 | K76: 3370 | L76: 2280 | M76: 1160 | N76: 580 | O76: 0 | P76: 0 | Q76: 0 | R76: 0 | S76: 0 | T76: 0 | U76: 0 | V76: 0 | W76: 0 | X76: 0 | Y76: 0 | Z76: 0 | AA76: 0 | AB76: 0 | AC76: 0 | AD76: 0 | AE76: 0 | AF76: 0 | AG76: 0 | AH76: 0 | AI76: 0 | AJ76: 0 | AK76: 0
A77: Hydro | B77: MW | C77: 2136.02 | D77: 2136.02 | E77: 2136.02 | F77: 2136.02 | G77: 2136.02 | H77: 2136.02 | I77: 2136.02 | J77: 2136.02 | K77: 2136.02 | L77: 2136.02 | M77: 2136.02 | N77: 2136.02 | O77: 2136.02 | P77: 2136.02 | Q77: 2136.02 | R77: 2136.02 | S77: 2136.02 | T77: 2136.02 | U77: 2136.02 | V77: 2136.02 | W77: 2136.02 | X77: 2136.02 | Y77: 2136.02 | Z77: 2136.02 | AA77: 2136.02 | AB77: 2136.02 | AC77: 2136.02 | AD77: 2136.02 | AE77: 2136.02 | AF77: 2136.02 | AG77: 2136.02 | AH77: 2136.02 | AI77: 2136.02 | AJ77: 2136.02 | AK77: 2136.02
A78: Gas | B78: MW | C78: 2493 | D78: 2493 | E78: 2493 | F78: 2493 | G78: 2493 | H78: 2493 | I78: 2493 | J78: 2493 | K78: 2333 | L78: 2333 | M78: 2453 | N78: 2753 | O78: 3353 | P78: 3353 | Q78: 2364 | R78: 2364 | S78: 2364 | T78: 2280 | U78: 2480 | V78: 2680 | W78: 2680 | X78: 2680 | Y78: 2096 | Z78: 2100 | AA78: 2104 | AB78: 2104 | AC78: 2104 | AD78: 2104 | AE78: 2304 | AF78: 2304 | AG78: 2304 | AH78: 2304 | AI78: 2304 | AJ78: 2304 | AK78: 2304
A79: Liquid Fuel | B79: MW | C79: 0 | D79: 0 | E79: 0 | F79: 0 | G79: 0 | H79: 0 | I79: 0 | J79: 0 | K79: 0 | L79: 0 | M79: 0 | N79: 0 | O79: 0 | P79: 0 | Q79: 0 | R79: 0 | S79: 0 | T79: 0 | U79: 0 | V79: 0 | W79: 0 | X79: 0 | Y79: 0 | Z79: 0 | AA79: 0 | AB79: 0 | AC79: 0 | AD79: 0 | AE79: 0 | AF79: 0 | AG79: 0 | AH79: 0 | AI79: 0 | AJ79: 0 | AK79: 0
A80: Wind | B80: MW | C80: 5449.6 | D80: 5449.6 | E80: 6026.6 | F80: 6428.6 | G80: 6530.6 | H80: 6732.6 | I80: 7132.6 | J80: 7282.6 | K80: 7282.6 | L80: 7762.6 | M80: 9124.6 | N80: 9514.6 | O80: 10231.6 | P80: 10692.6 | Q80: 10772.6 | R80: 11922.6 | S80: 12282.6 | T80: 12322.6 | U80: 12582.6 | V80: 12622.6 | W80: 13142.6 | X80: 13282.6 | Y80: 13322.6 | Z80: 13322.6 | AA80: 13382.6 | AB80: 13712.6 | AC80: 13732.6 | AD80: 13772.6 | AE80: 13932.6 | AF80: 14042.6 | AG80: 14072.6 | AH80: 14202.6 | AI80: 14552.6 | AJ80: 14552.6 | AK80: 14652.6
A81: Solar | B81: MW | C81: 1687.51 | D81: 2285.61 | E81: 2603.25 | F81: 3291.95 | G81: 3359.81 | H81: 3455.98 | I81: 3533.81 | J81: 3987.77 | K81: 4055.46 | L81: 4308.57 | M81: 4478.87 | N81: 4716.69 | O81: 4820.34 | P81: 4926.28 | Q81: 5215.73 | R81: 5348.01 | S81: 5737.22 | T81: 5887.33 | U81: 6063.43 | V81: 6591.21 | W81: 7091.47 | X81: 7352.16 | Y81: 7586.74 | Z81: 7704.31 | AA81: 7805.43 | AB81: 7956.27 | AC81: 8049.72 | AD81: 8160.24 | AE81: 8261.26 | AF81: 8382.25 | AG81: 8484.61 | AH81: 8604.21 | AI81: 8715.2 | AJ81: 8826.2 | AK81: 8917.47
A82: Solar Rooftop | B82: MW | C82: 5784.57 | D82: 6420.05 | E82: 7048.06 | F82: 7709.32 | G82: 8326.49 | H82: 8946.07 | I82: 9439.41 | J82: 9891.21 | K82: 10258.63 | L82: 10663.12 | M82: 11096.27 | N82: 11632.1 | O82: 12161.56 | P82: 12639.83 | Q82: 13118.1 | R82: 13596.38 | S82: 14074.65 | T82: 14552.92 | U82: 15031.2 | V82: 15509.47 | W82: 15987.74 | X82: 16466.02 | Y82: 16944.29 | Z82: 17422.56 | AA82: 17900.84 | AB82: 18379.11 | AC82: 18857.38 | AD82: 19335.66 | AE82: 19813.93 | AF82: 20292.21 | AG82: 20690.77 | AH82: 21089.33 | AI82: 21487.89 | AJ82: 21886.45 | AK82: 22285.01
A83: NSG | B83: MW | C83: 131.3 | D83: 133.29 | E83: 135.42 | F83: 137.38 | G83: 139.37 | H83: 141.35 | I83: 140.35 | J83: 138.7 | K83: 140.76 | L83: 142.74 | M83: 141.98 | N83: 140.41 | O83: 141.65 | P83: 142.9 | Q83: 145 | R83: 146.94 | S83: 148.92 | T83: 150.86 | U83: 152.97 | V83: 154.98 | W83: 156.97 | X83: 158.96 | Y83: 160.99 | Z83: 162.89 | AA83: 163.91 | AB83: 164.91 | AC83: 166.97 | AD83: 168.87 | AE83: 170.8 | AF83: 172.82 | AG83: 174.54 | AH83: 176.77 | AI83: 178.75 | AJ83: 180.72 | AK83: 182.42
A84: Utility Batteries (<=4h) | B84: MW | C84: 1620.25 | D84: 2900.25 | E84: 3064.25 | F84: 3215.29 | G84: 3503.48 | H84: 3695.72 | I84: 3967.6 | J84: 4104.91 | K84: 4456.91 | L84: 5056.91 | M84: 5686.91 | N84: 6286.91 | O84: 6386.91 | P84: 6386.91 | Q84: 6531.91 | R84: 6511.91 | S84: 6511.91 | T84: 6611.91 | U84: 6711.91 | V84: 7011.91 | W84: 7016.66 | X84: 7116.66 | Y84: 7576.66 | Z84: 7961.62 | AA84: 8273.43 | AB84: 8221.19 | AC84: 7949.31 | AD84: 7812 | AE84: 7812 | AF84: 7812 | AG84: 7812 | AH84: 7872 | AI84: 7872 | AJ84: 7872 | AK84: 7902
A85: Distributed Batteries | B85: MW | C85: 729.56 | D85: 1027.51 | E85: 1328.37 | F85: 1625.59 | G85: 1892.36 | H85: 2177.09 | I85: 2461.59 | J85: 2733.57 | K85: 3005.43 | L85: 3277.97 | M85: 3553.03 | N85: 3823.51 | O85: 4102.35 | P85: 4357.35 | Q85: 4597.78 | R85: 4866.8 | S85: 5142.5 | T85: 5415.37 | U85: 5700.09 | V85: 5995.66 | W85: 6306.04 | X85: 6628.94 | Y85: 6964.44 | Z85: 7292.06 | AA85: 7609.18 | AB85: 7992.12 | AC85: 8369.14 | AD85: 8729.2 | AE85: 9088.8 | AF85: 9455.62 | AG85: 9824.46 | AH85: 10195.35 | AI85: 10568.29 | AJ85: 10943.31 | AK85: 11320.42
A86: Medium Storage (>4-16h) | B86: MW | C86: 0 | D86: 0 | E86: 0 | F86: 0 | G86: 0 | H86: 0 | I86: 0 | J86: 82.39 | K86: 82.39 | L86: 82.39 | M86: 82.39 | N86: 82.39 | O86: 82.39 | P86: 583.39 | Q86: 583.39 | R86: 583.39 | S86: 583.39 | T86: 583.39 | U86: 583.39 | V86: 583.39 | W86: 583.39 | X86: 583.39 | Y86: 583.39 | Z86: 583.39 | AA86: 583.39 | AB86: 583.39 | AC86: 583.39 | AD86: 501 | AE86: 501 | AF86: 501 | AG86: 501 | AH86: 501 | AI86: 501 | AJ86: 501 | AK86: 501
A87: Deep Storage (>16h) | B87: MW | C87: 0 | D87: 0 | E87: 0 | F87: 0 | G87: 0 | H87: 0 | I87: 0 | J87: 0 | K87: 0 | L87: 0 | M87: 0 | N87: 0 | O87: 0 | P87: 0 | Q87: 0 | R87: 500 | S87: 500 | T87: 500 | U87: 500 | V87: 500 | W87: 500 | X87: 500 | Y87: 500 | Z87: 500 | AA87: 500 | AB87: 700 | AC87: 900 | AD87: 900 | AE87: 900 | AF87: 900 | AG87: 900 | AH87: 900 | AI87: 900 | AJ87: 900 | AK87: 900
A88: Offshore Wind | B88: MW | C88: 0 | D88: 0 | E88: 0 | F88: 0 | G88: 0 | H88: 0 | I88: 0 | J88: 0 | K88: 1000 | L88: 2000 | M88: 2000 | N88: 3000 | O88: 4000 | P88: 4000 | Q88: 4000 | R88: 4000 | S88: 4000 | T88: 4000 | U88: 4000 | V88: 4000 | W88: 4000 | X88: 4000 | Y88: 4000 | Z88: 4000 | AA88: 4000 | AB88: 4000 | AC88: 4000 | AD88: 4000 | AE88: 4000 | AF88: 4000 | AG88: 4000 | AH88: 4000 | AI88: 4000 | AJ88: 4000 | AK88: 4000
A89: Coal retirement | D89: =D76-C76 -> 0 | E89: =E76-D76 -> 0 | F89: =F76-E76 -> -1514.67 | G89: =G76-F76 -> 0 | H89: =H76-G76 -> 0 | I89: =I76-H76 -> 0 | J89: =J76-I76 -> 0 | K89: =K76-J76 -> 0 | ... AK89: =AK76-AJ76 -> 0
A90: Gas retirements | B90: MW | D90: =D78-C78 -> 0 | E90: =E78-D78 -> 0 | F90: =F78-E78 -> 0 | G90: =G78-F78 -> 0 | H90: =H78-G78 -> 0 | I90: =I78-H78 -> 0 | J90: =J78-I78 -> 0 | K90: =K78-J78 -> -160 | L90: =L78-K78 -> 0 | N90: 0 | P90: =P78-O78 -> 0 | Q90: =-(224+255+510) -> -989 | Y90: =Y78-X78 -> -584
A91: Delta Gas YoY | B91: MW | D91: =(D79-C79)+(D80-C80) -> 0 | E91: =(E78-D78)+(E79-D79)-E90 -> 0 | F91: =(F78-E78)+(F79-E79)-F90 -> 0 | G91: =(G78-F78)+(G79-F79)-G90 -> 0 | H91: =(H78-G78)+(H79-G79)-H90 -> 0 | I91: =(I78-H78)+(I79-H79)-I90 -> 0 | J91: =(J78-I78)+(J79-I79)-J90 -> 0 | K91: =(K78-J78)+(K79-J79)-K90 -> 0 | L91: =(L78-K78)+(L79-K79)-L90 -> 0 | ... T91: =(T78-S78)+(T79-S79)-T90 -> -84 | U91: =(U78-T78)+(U79-T79)-U90+T91 -> 116 | V91: =(V78-U78)+(V79-U79)-V90 -> 200 | W91: =(W78-V78)+(W79-V79)-W90 -> 0 | X91: =(X78-W78)+(X79-W79)-X90 -> 0 | Y91: =(Y78-X78)+(Y79-X79)-Y90 -> 0 | Z91: =(Z78-Y78)+(Z79-Y79)-Z90 -> 4 | AA91: =(AA78-Z78)+(AA79-Z79)-AA90 -> 4 | AB91: =(AB78-AA78)+(AB79-AA79)-AB90 -> 0 | AC91: =(AC78-AB78)+(AC79-AB79)-AC90 -> 0 | ... AK91: =(AK78-AJ78)+(AK79-AJ79)-AK90 -> 0
Q92: =989-944 -> 45

Sheet Baringa RC Buildouts Q424
B1: Baringa NEM Reference Case (Q4 2024): Capacity and Generation Mix
B2: Data is real 1st Jan 2024 unless stated otherwise; Years are financial year ending 30 June unless otherwise stated; $ means AUD unless otherwise stated.
B4: Capacity Mix at FY-end | D4: 2025 | E4: 2026 | F4: 2027 | G4: 2028 | H4: 2029 | I4: 2030 | J4: 2031 | K4: 2032 | L4: 2033 | M4: 2034 | N4: 2035 | O4: 2036 | P4: 2037 | Q4: 2038 | R4: 2039 | S4: 2040 | T4: 2041 | U4: 2042 | V4: 2043 | W4: 2044 | X4: 2045 | Y4: 2046 | Z4: 2047 | AA4: 2048 | AB4: 2049 | AC4: 2050 | AD4: 2051 | AE4: 2052 | AF4: 2053 | AG4: 2054 | AH4: 2055 | AI4: 2056 | AJ4: 2057 | AK4: 2058 | AL4: 2059 | AM4: 2060
B5: NSW
B6: Coal | C6: MW | D6: 8260 | E6: 8260 | F6: 8260 | G6: 6820 | H6: 5380 | I6: 5380 | J6: 4060 | K6: 3380 | L6: 2700 | M6: 1340 | N6: 1340 | O6: 1340 | P6: 1340 | Q6: 1340 | R6: 1340 | S6: 0 | T6: 0 | U6: 0 | V6: 0 | W6: 0 | X6: 0 | Y6: 0 | Z6: 0 | AA6: 0 | AB6: 0 | AC6: 0 | AD6: 0 | AE6: 0 | AF6: 0 | AG6: 0 | AH6: 0 | AI6: 0 | AJ6: 0 | AK6: 0 | AL6: 0 | AM6: 0
B7: Hydro | C7: MW | D7: 1693 | E7: 1693 | F7: 1693 | G7: 1693 | H7: 1693 | I7: 1693 | J7: 1693 | K7: 1693 | L7: 1693 | M7: 1693 | N7: 1693 | O7: 1693 | P7: 1693 | Q7: 1693 | R7: 1693 | S7: 1693 | T7: 1693 | U7: 1693 | V7: 1693 | W7: 1693 | X7: 1693 | Y7: 1693 | Z7: 1693 | AA7: 1693 | AB7: 1693 | AC7: 1693 | AD7: 1693 | AE7: 1693 | AF7: 1693 | AG7: 1693 | AH7: 1693 | AI7: 1693 | AJ7: 1693 | AK7: 1693 | AL7: 1693 | AM7: 1693
B8: Gas | C8: MW | D8: 2986 | E8: 2986 | F8: 2986 | G8: 2986 | H8: 2986 | I8: 2986 | J8: 2986 | K8: 2986 | L8: 2986 | M8: 2986 | N8: 2986 | O8: 3386 | P8: 3386 | Q8: 3386 | R8: 3386 | S8: 3686 | T8: 3686 | U8: 3686 | V8: 4686 | W8: 4846 | X8: 4604 | Y8: 5004 | Z8: 5004 | AA8: 5104 | AB8: 5544 | AC8: 5944 | AD8: 5944 | AE8: 6064 | AF8: 6064 | AG8: 6464 | AH8: 6464 | AI8: 6464 | AJ8: 6464 | AK8: 6464 | AL8: 6464 | AM8: 6464
B9: Liquid Fuel | C9: MW | D9: 44 | E9: 44 | F9: 44 | G9: 44 | H9: 44 | I9: 44 | J9: 44 | K9: 44 | L9: 44 | M9: 44 | N9: 44 | O9: 0 | P9: 0 | Q9: 0 | R9: 0 | S9: 0 | T9: 0 | U9: 0 | V9: 0 | W9: 0 | X9: 0 | Y9: 0 | Z9: 0 | AA9: 0 | AB9: 0 | AC9: 0 | AD9: 0 | AE9: 0 | AF9: 0 | AG9: 0 | AH9: 0 | AI9: 0 | AJ9: 0 | AK9: 0 | AL9: 0 | AM9: 0
B10: Wind | C10: MW | D10: 2837 | E10: 2837 | F10: 2837 | G10: 3212 | H10: 5262 | I10: 6904 | J10: 8104 | K10: 9004 | L10: 9804 | M10: 10954 | N10: 11754 | O10: 12354 | P10: 13004 | Q10: 13654 | R10: 13854 | S10: 15304 | T10: 15304 | U10: 15854 | V10: 16154 | W10: 16254 | X10: 16854 | Y10: 17254 | Z10: 17954 | AA10: 17954 | AB10: 18054 | AC10: 18354 | AD10: 18804 | AE10: 19404 | AF10: 20204 | AG10: 20304 | AH10: 21004 | AI10: 21204 | AJ10: 21504 | AK10: 22004 | AL10: 22004 | AM10: 22554
B11: Solar | C11: MW | D11: 4511 | E11: 5172 | F11: 6537 | G11: 6539 | H11: 6709 | I11: 7192 | J11: 7314 | K11: 7435 | L11: 7557 | M11: 7679 | N11: 7801 | O11: 8022 | P11: 8144 | Q11: 8466 | R11: 8788 | S11: 10059 | T11: 10182 | U11: 10711 | V11: 11274 | W11: 11694 | X11: 11904 | Y11: 12113 | Z11: 12638 | AA11: 12862 | AB11: 13222 | AC11: 13959 | AD11: 14545 | AE11: 15091 | AF11: 15571 | AG11: 16113 | AH11: 16856 | AI11: 16999 | AJ11: 17741 | AK11: 18134 | AL11: 18276 | AM11: 18419
B12: Solar Rooftop | C12: MW | D12: 7074 | E12: 7705 | F12: 8233 | G12: 8983 | H12: 9762 | I12: 10581 | J12: 11353 | K12: 12077 | L12: 12746 | M12: 13429 | N12: 14127 | O12: 14870 | P12: 15493 | Q12: 16061 | R12: 16628 | S12: 17229 | T12: 17670 | U12: 18107 | V12: 18555 | W12: 19043 | X12: 19483 | Y12: 19970 | Z12: 20484 | AA12: 21046 | AB12: 21541 | AC12: 22048 | AD12: 22577 | AE12: 23138 | AF12: 23640 | AG12: 24151 | AH12: 24677 | AI12: 25202 | AJ12: 25718 | AK12: 26237 | AL12: 26487 | AM12: 26737
B13: NSG | C13: MW | D13: 262 | E13: 262 | F13: 263 | G13: 264 | H13: 265 | I13: 265 | J13: 266 | K13: 267 | L13: 268 | M13: 268 | N13: 269 | O13: 267 | P13: 267 | Q13: 258 | R13: 259 | S13: 260 | T13: 260 | U13: 261 | V13: 262 | W13: 263 | X13: 263 | Y13: 263 | Z13: 264 | AA13: 265 | AB13: 265 | AC13: 266 | AD13: 267 | AE13: 268 | AF13: 268 | AG13: 268 | AH13: 268 | AI13: 268 | AJ13: 268 | AK13: 268 | AL13: 268 | AM13: 268
B14: Utility Scale Battery Storage | C14: MW | D14: 914 | E14: 979 | F14: 2705 | G14: 3669 | H14: 3669 | I14: 4010 | J14: 4010 | K14: 4010 | L14: 4010 | M14: 4010 | N14: 4010 | O14: 4010 | P14: 4010 | Q14: 4010 | R14: 4010 | S14: 4010 | T14: 4010 | U14: 4010 | V14: 4010 | W14: 4010 | X14: 4010 | Y14: 4010 | Z14: 4010 | AA14: 4010 | AB14: 4010 | AC14: 4010 | AD14: 4010 | AE14: 4010 | AF14: 4010 | AG14: 4010 | AH14: 4310 | AI14: 4310 | AJ14: 4610 | AK14: 5810 | AL14: 5810 | AM14: 5910
B15: Distributed Battery Storage | C15: MW | D15: 372 | E15: 471 | F15: 692 | G15: 905 | H15: 1221 | I15: 1555 | J15: 1897 | K15: 2258 | L15: 2606 | M15: 2950 | N15: 3320 | O15: 3767 | P15: 4330 | Q15: 4898 | R15: 5402 | S15: 5903 | T15: 6428 | U15: 6965 | V15: 7499 | W15: 8015 | X15: 8514 | Y15: 9014 | Z15: 9503 | AA15: 9905 | AB15: 10224 | AC15: 10472 | AD15: 10712 | AE15: 10936 | AF15: 11160 | AG15: 11383 | AH15: 11607 | AI15: 11764 | AJ15: 11921 | AK15: 12077 | AL15: 12234 | AM15: 12391
B16: Medium Storage (>4-16h) | C16: MW | D16: 243 | E16: 243 | F16: 293 | G16: 293 | H16: 293 | I16: 716 | J16: 1216 | K16: 1716 | L16: 2216 | M16: 2716 | N16: 3216 | O16: 3216 | P16: 3216 | Q16: 3216 | R16: 3216 | S16: 3716 | T16: 3716 | U16: 3716 | V16: 3716 | W16: 4216 | X16: 4216 | Y16: 4216 | Z16: 4216 | AA16: 4216 | AB16: 4216 | AC16: 4216 | AD16: 4216 | AE16: 4216 | AF16: 4616 | AG16: 5066 | AH16: 5066 | AI16: 5066 | AJ16: 5066 | AK16: 5066 | AL16: 5066 | AM16: 5066
B17: Deep Storage (>16h) | C17: MW | D17: 902 | E17: 902 | F17: 902 | G17: 902 | H17: 902 | I17: 1922 | J17: 2942 | K17: 2942 | L17: 2942 | M17: 2942 | N17: 2942 | O17: 2942 | P17: 2942 | Q17: 2942 | R17: 2942 | S17: 3441 | T17: 3441 | U17: 3441 | V17: 3441 | W17: 3441 | X17: 3441 | Y17: 3441 | Z17: 3441 | AA17: 3441 | AB17: 3441 | AC17: 3441 | AD17: 3441 | AE17: 3441 | AF17: 3441 | AG17: 3441 | AH17: 3441 | AI17: 3441 | AJ17: 3441 | AK17: 3441 | AL17: 3441 | AM17: 3441
C18: net yoy change | E18: =E8-D8 -> 0 | F18: =F8-E8 -> 0 | G18: =G8-F8 -> 0 | H18: =H8-G8 -> 0 | I18: =I8-H8 -> 0 | J18: =J8-I8 -> 0 | K18: =K8-J8 -> 0 | L18: =L8-K8 -> 0 | ... T18: =T8-S8 -> 0
C19: scheduled retirement | W19: -440 | X19: -850
C20: total change | E20: =E18-E19 -> 0 | F20: =F18-F19 -> 0 | G20: =G18-G19 -> 0 | H20: =H18-H19 -> 0 | I20: =I18-I19 -> 0 | J20: =J18-J19 -> 0 | K20: =K18-K19 -> 0 | L20: =L18-L19 -> 0 | ... T20: =T18-T19 -> 0
B21: QLD
B22: Coal | C22: MW | D22: 8165 | E22: 8165 | F22: 8165 | G22: 8165 | H22: 8165 | I22: 5785 | J22: 5085 | K22: 4385 | L22: 3198 | M22: 2312 | N22: 1582 | O22: 852 | P22: 852 | Q22: 0 | R22: 0 | S22: 0 | T22: 0 | U22: 0 | V22: 0 | W22: 0 | X22: 0 | Y22: 0 | Z22: 0 | AA22: 0 | AB22: 0 | AC22: 0 | AD22: 0 | AE22: 0 | AF22: 0 | AG22: 0 | AH22: 0 | AI22: 0 | AJ22: 0 | AK22: 0 | AL22: 0 | AM22: 0
B23: Hydro | C23: MW | D23: 152 | E23: 152 | F23: 152 | G23: 152 | H23: 152 | I23: 152 | J23: 152 | K23: 152 | L23: 152 | M23: 152 | N23: 152 | O23: 152 | P23: 152 | Q23: 152 | R23: 152 | S23: 152 | T23: 152 | U23: 152 | V23: 152 | W23: 152 | X23: 152 | Y23: 152 | Z23: 152 | AA23: 152 | AB23: 152 | AC23: 152 | AD23: 152 | AE23: 152 | AF23: 152 | AG23: 152 | AH23: 152 | AI23: 152 | AJ23: 152 | AK23: 152 | AL23: 152 | AM23: 152
B24: Gas | C24: MW | D24: 3016 | E24: 3016 | F24: 3016 | G24: 3016 | H24: 3396 | I24: 3396 | J24: 3796 | K24: 4164 | L24: 4164 | M24: 4724 | N24: 4622 | O24: 4622 | P24: 4252 | Q24: 4452 | R24: 4452 | S24: 4308 | T24: 4308 | U24: 4308 | V24: 4908 | W24: 4908 | X24: 4908 | Y24: 4906 | Z24: 4907 | AA24: 4907 | AB24: 5307 | AC24: 5788 | AD24: 5448 | AE24: 6176 | AF24: 6176 | AG24: 6176 | AH24: 6176 | AI24: 6176 | AJ24: 6176 | AK24: 6176 | AL24: 6176 | AM24: 6176
B25: Liquid Fuel | C25: MW | D25: 419 | E25: 419 | F25: 419 | G25: 419 | H25: 419 | I25: 419 | J25: 419 | K25: 419 | L25: 419 | M25: 131 | N25: 131 | O25: 131 | P25: 131 | Q25: 131 | R25: 131 | S25: 131 | T25: 131 | U25: 131 | V25: 131 | W25: 131 | X25: 0 | Y25: 0 | Z25: 0 | AA25: 0 | AB25: 0 | AC25: 0 | AD25: 0 | AE25: 0 | AF25: 0 | AG25: 0 | AH25: 0 | AI25: 0 | AJ25: 0 | AK25: 0 | AL25: 0 | AM25: 0
B26: Wind | C26: MW | D26: 1043 | E26: 2668 | F26: 2922 | G26: 4435 | H26: 5635 | I26: 6735 | J26: 8035 | K26: 9185 | L26: 10885 | M26: 12485 | N26: 13535 | O26: 14725 | P26: 15575 | Q26: 17275 | R26: 18125 | S26: 18855 | T26: 19605 | U26: 19905 | V26: 20305 | W26: 21005 | X26: 21412 | Y26: 21412 | Z26: 21562 | AA26: 21562 | AB26: 22162 | AC26: 22222 | AD26: 22422 | AE26: 22672 | AF26: 23622 | AG26: 24522 | AH26: 25272 | AI26: 25372 | AJ26: 26022 | AK26: 26422 | AL26: 26922 | AM26: 27772
B27: Solar | C27: MW | D27: 3300 | E27: 3519 | F27: 4390 | G27: 4390 | H27: 4390 | I27: 5010 | J27: 5212 | K27: 5902 | L27: 6254 | M27: 7006 | N27: 7308 | O27: 8510 | P27: 9561 | Q27: 10463 | R27: 10765 | S27: 11517 | T27: 11971 | U27: 12672 | V27: 13040 | W27: 13733 | X27: 14273 | Y27: 14709 | Z27: 15412 | AA27: 16117 | AB27: 17204 | AC27: 18006 | AD27: 18678 | AE27: 19469 | AF27: 20034 | AG27: 20958 | AH27: 21433 | AI27: 21707 | AJ27: 22181 | AK27: 22606 | AL27: 23230 | AM27: 23654
B28: Solar Rooftop | C28: MW | D28: 6273 | E28: 6750 | F28: 7148 | G28: 7675 | H28: 8176 | I28: 8760 | J28: 9341 | K28: 9924 | L28: 10399 | M28: 10914 | N28: 11430 | O28: 12000 | P28: 12411 | Q28: 12822 | R28: 13218 | S28: 13657 | T28: 13972 | U28: 14323 | V28: 14675 | W28: 15078 | X28: 15388 | Y28: 15759 | Z28: 16139 | AA28: 16577 | AB28: 16915 | AC28: 17303 | AD28: 17700 | AE28: 18138 | AF28: 18484 | AG28: 18870 | AH28: 19261 | AI28: 19652 | AJ28: 20030 | AK28: 20417 | AL28: 20717 | AM28: 21017
B29: NSG | C29: MW | D29: 232 | E29: 234 | F29: 236 | G29: 238 | H29: 239 | I29: 240 | J29: 242 | K29: 244 | L29: 245 | M29: 247 | N29: 249 | O29: 220 | P29: 220 | Q29: 178 | R29: 180 | S29: 182 | T29: 183 | U29: 185 | V29: 186 | W29: 188 | X29: 190 | Y29: 191 | Z29: 193 | AA29: 195 | AB29: 196 | AC29: 198 | AD29: 199 | AE29: 202 | AF29: 203 | AG29: 204 | AH29: 204 | AI29: 204 | AJ29: 204 | AK29: 204 | AL29: 204 | AM29: 204
B30: Utility Scale Battery Storage | C30: MW | D30: 826 | E30: 1886 | F30: 2891 | G30: 2891 | H30: 2891 | I30: 3092 | J30: 3842 | K30: 4042 | L30: 4042 | M30: 4492 | N30: 6092 | O30: 6292 | P30: 7542 | Q30: 9042 | R30: 9742 | S30: 10477 | T30: 10677 | U30: 11377 | V30: 11677 | W30: 12077 | X30: 12477 | Y30: 13277 | Z30: 13277 | AA30: 13477 | AB30: 13477 | AC30: 13477 | AD30: 13777 | AE30: 14477 | AF30: 15277 | AG30: 15677 | AH30: 17027 | AI30: 18227 | AJ30: 18627 | AK30: 19027 | AL30: 19827 | AM30: 19927
B31: Distributed Battery Storage | C31: MW | D31: 190 | E31: 282 | F31: 440 | G31: 595 | H31: 831 | I31: 1097 | J31: 1363 | K31: 1649 | L31: 1930 | M31: 2205 | N31: 2497 | O31: 2866 | P31: 3314 | Q31: 3757 | R31: 4149 | S31: 4545 | T31: 4970 | U31: 5419 | V31: 5866 | W31: 6289 | X31: 6700 | Y31: 7115 | Z31: 7475 | AA31: 7759 | AB31: 7974 | AC31: 8153 | AD31: 8325 | AE31: 8484 | AF31: 8643 | AG31: 8803 | AH31: 8963 | AI31: 9074 | AJ31: 9186 | AK31: 9298 | AL31: 9409 | AM31: 9521
B32: Medium Storage (>4-16h) | C32: MW | D32: 252 | E32: 252 | F32: 252 | G32: 252 | H32: 252 | I32: 252 | J32: 252 | K32: 252 | L32: 252 | M32: 252 | N32: 252 | O32: 252 | P32: 252 | Q32: 252 | R32: 252 | S32: 252 | T32: 252 | U32: 252 | V32: 252 | W32: 252 | X32: 252 | Y32: 252 | Z32: 252 | AA32: 252 | AB32: 252 | AC32: 252 | AD32: 252 | AE32: 252 | AF32: 252 | AG32: 252 | AH32: 252 | AI32: 252 | AJ32: 252 | AK32: 252 | AL32: 252 | AM32: 252
B33: Deep Storage (>16h) | C33: MW | D33: 572 | E33: 572 | F33: 572 | G33: 572 | H33: 572 | I33: 572 | J33: 572 | K33: 1572 | L33: 2572 | M33: 2572 | N33: 2572 | O33: 2572 | P33: 2572 | Q33: 2572 | R33: 2572 | S33: 2572 | T33: 2572 | U33: 2572 | V33: 2572 | W33: 2572 | X33: 2572 | Y33: 2572 | Z33: 2572 | AA33: 2572 | AB33: 2572 | AC33: 2572 | AD33: 2572 | AE33: 2572 | AF33: 2572 | AG33: 2572 | AH33: 2572 | AI33: 2572 | AJ33: 2572 | AK33: 2572 | AL33: 2572 | AM33: 2572
C34: net yoy change | E34: =E24-D24 -> 0 | F34: =F24-E24 -> 0 | G34: =G24-F24 -> 0 | H34: =H24-G24 -> 380 | I34: =I24-H24 -> 0 | J34: =J24-I24 -> 400 | K34: =K24-J24 -> 368 | L34: =L24-K24 -> 0 | ... T34: =T24-S24 -> 0
C35: scheduled retirement | M35: -292 | P35: -385 | S35: -115 | X35: -131 | Y35: -663 | Z35: -761 | AC35: -514 | AD35: -282
C36: total change | M36: =M34-M35 -> 852 | P36: =P34-P35 -> 15 | S36: =S34-S35 -> -29
B37: SA
B38: Coal | C38: MW | D38: 0 | E38: 0 | F38: 0 | G38: 0 | H38: 0 | I38: 0 | J38: 0 | K38: 0 | L38: 0 | M38: 0 | N38: 0 | O38: 0 | P38: 0 | Q38: 0 | R38: 0 | S38: 0 | T38: 0 | U38: 0 | V38: 0 | W38: 0 | X38: 0 | Y38: 0 | Z38: 0 | AA38: 0 | AB38: 0 | AC38: 0 | AD38: 0 | AE38: 0 | AF38: 0 | AG38: 0 | AH38: 0 | AI38: 0 | AJ38: 0 | AK38: 0 | AL38: 0 | AM38: 0
B39: Hydro | C39: MW | D39: 0 | E39: 0 | F39: 0 | G39: 0 | H39: 0 | I39: 0 | J39: 0 | K39: 0 | L39: 0 | M39: 0 | N39: 0 | O39: 0 | P39: 0 | Q39: 0 | R39: 0 | S39: 0 | T39: 0 | U39: 0 | V39: 0 | W39: 0 | X39: 0 | Y39: 0 | Z39: 0 | AA39: 0 | AB39: 0 | AC39: 0 | AD39: 0 | AE39: 0 | AF39: 0 | AG39: 0 | AH39: 0 | AI39: 0 | AJ39: 0 | AK39: 0 | AL39: 0 | AM39: 0
B40: Gas | C40: MW | D40: 2592 | E40: 2592 | F40: 2002 | G40: 2002 | H40: 2002 | I40: 2002 | J40: 1764 | K40: 1764 | L40: 2030 | M40: 2030 | N40: 2030 | O40: 1946 | P40: 1946 | Q40: 1817 | R40: 1817 | S40: 2117 | T40: 2117 | U40: 2117 | V40: 2117 | W40: 2117 | X40: 2173 | Y40: 2050 | Z40: 2050 | AA40: 2096 | AB40: 2096 | AC40: 2096 | AD40: 2096 | AE40: 2096 | AF40: 1996 | AG40: 1973 | AH40: 1927 | AI40: 1904 | AJ40: 1904 | AK40: 1904 | AL40: 1904 | AM40: 1904
B41: Liquid Fuel | C41: MW | D41: 266 | E41: 266 | F41: 266 | G41: 129 | H41: 129 | I41: 129 | J41: 129 | K41: 129 | L41: 129 | M41: 129 | N41: 129 | O41: 129 | P41: 129 | Q41: 129 | R41: 129 | S41: 129 | T41: 129 | U41: 129 | V41: 129 | W41: 129 | X41: 129 | Y41: 129 | Z41: 129 | AA41: 129 | AB41: 129 | AC41: 129 | AD41: 129 | AE41: 129 | AF41: 129 | AG41: 129 | AH41: 129 | AI41: 129 | AJ41: 129 | AK41: 129 | AL41: 129 | AM41: 129
B42: Wind | C42: MW | D42: 2575 | E42: 2778 | F42: 2778 | G42: 3018 | H42: 3018 | I42: 3403 | J42: 3603 | K42: 3703 | L42: 3703 | M42: 3903 | N42: 3933 | O42: 4283 | P42: 4383 | Q42: 4583 | R42: 4683 | S42: 4823 | T42: 4823 | U42: 4923 | V42: 5023 | W42: 5223 | X42: 5523 | Y42: 5623 | Z42: 5723 | AA42: 5823 | AB42: 5923 | AC42: 6073 | AD42: 6153 | AE42: 6153 | AF42: 6153 | AG42: 6153 | AH42: 6153 | AI42: 6253 | AJ42: 6353 | AK42: 6353 | AL42: 6353 | AM42: 6453
B43: Solar | C43: MW | D43: 752 | E43: 752 | F43: 752 | G43: 752 | H43: 752 | I43: 806 | J43: 959 | K43: 1012 | L43: 1065 | M43: 1118 | N43: 1171 | O43: 1325 | P43: 1528 | Q43: 1851 | R43: 2004 | S43: 2307 | T43: 2352 | U43: 2400 | V43: 2455 | W43: 2612 | X43: 2708 | Y43: 2758 | Z43: 2812 | AA43: 2868 | AB43: 2928 | AC43: 3082 | AD43: 3134 | AE43: 3243 | AF43: 3390 | AG43: 3442 | AH43: 3495 | AI43: 3597 | AJ43: 3749 | AK43: 3802 | AL43: 3854 | AM43: 3906
B44: Solar Rooftop | C44: MW | D44: 2511 | E44: 2654 | F44: 2775 | G44: 2964 | H44: 3147 | I44: 3351 | J44: 3554 | K44: 3761 | L44: 3928 | M44: 4102 | N44: 4282 | O44: 4486 | P44: 4628 | Q44: 4763 | R44: 4906 | S44: 5067 | T44: 5172 | U44: 5272 | V44: 5380 | W44: 5507 | X44: 5610 | Y44: 5721 | Z44: 5843 | AA44: 5983 | AB44: 6093 | AC44: 6204 | AD44: 6327 | AE44: 6467 | AF44: 6575 | AG44: 6687 | AH44: 6808 | AI44: 6928 | AJ44: 7044 | AK44: 7161 | AL44: 7211 | AM44: 7261
B45: NSG | C45: MW | D45: 359 | E45: 359 | F45: 359 | G45: 360 | H45: 360 | I45: 359 | J45: 359 | K45: 359 | L45: 359 | M45: 359 | N45: 358 | O45: 358 | P45: 358 | Q45: 358 | R45: 359 | S45: 359 | T45: 359 | U45: 359 | V45: 359 | W45: 359 | X45: 357 | Y45: 357 | Z45: 357 | AA45: 357 | AB45: 357 | AC45: 357 | AD45: 357 | AE45: 357 | AF45: 357 | AG45: 357 | AH45: 357 | AI45: 357 | AJ45: 357 | AK45: 357 | AL45: 357 | AM45: 357
B46: Utility Scale Battery Storage | C46: MW | D46: 692 | E46: 1053 | F46: 1113 | G46: 1113 | H46: 1113 | I46: 1408 | J46: 1408 | K46: 1408 | L46: 1508 | M46: 1908 | N46: 2058 | O46: 2458 | P46: 2608 | Q46: 3008 | R46: 3208 | S46: 3308 | T46: 3508 | U46: 3508 | V46: 3508 | W46: 3758 | X46: 3758 | Y46: 3858 | Z46: 3958 | AA46: 3958 | AB46: 3958 | AC46: 4158 | AD46: 4158 | AE46: 4258 | AF46: 4258 | AG46: 4758 | AH46: 4758 | AI46: 4758 | AJ46: 4758 | AK46: 5058 | AL46: 5058 | AM46: 5058
B47: Distributed Battery Storage | C47: MW | D47: 247 | E47: 316 | F47: 392 | G47: 470 | H47: 584 | I47: 704 | J47: 827 | K47: 952 | L47: 1073 | M47: 1190 | N47: 1313 | O47: 1477 | P47: 1657 | Q47: 1849 | R47: 2023 | S47: 2193 | T47: 2363 | U47: 2531 | V47: 2692 | W47: 2849 | X47: 2996 | Y47: 3146 | Z47: 3271 | AA47: 3367 | AB47: 3451 | AC47: 3529 | AD47: 3605 | AE47: 3676 | AF47: 3747 | AG47: 3819 | AH47: 3890 | AI47: 3940 | AJ47: 3991 | AK47: 4041 | AL47: 4091 | AM47: 4141
B48: Medium Storage (>4-16h) | C48: MW | D48: 0 | E48: 0 | F48: 0 | G48: 0 | H48: 0 | I48: 0 | J48: 0 | K48: 0 | L48: 0 | M48: 0 | N48: 0 | O48: 0 | P48: 0 | Q48: 0 | R48: 0 | S48: 252 | T48: 252 | U48: 252 | V48: 252 | W48: 252 | X48: 252 | Y48: 252 | Z48: 252 | AA48: 252 | AB48: 252 | AC48: 252 | AD48: 252 | AE48: 252 | AF48: 252 | AG48: 252 | AH48: 252 | AI48: 252 | AJ48: 252 | AK48: 252 | AL48: 252 | AM48: 252
B49: Deep Storage (>16h) | C49: MW | D49: 0 | E49: 0 | F49: 0 | G49: 0 | H49: 0 | I49: 0 | J49: 0 | K49: 0 | L49: 0 | M49: 0 | N49: 0 | O49: 0 | P49: 0 | Q49: 0 | R49: 0 | S49: 0 | T49: 0 | U49: 251 | V49: 251 | W49: 251 | X49: 251 | Y49: 251 | Z49: 251 | AA49: 251 | AB49: 251 | AC49: 251 | AD49: 251 | AE49: 251 | AF49: 251 | AG49: 251 | AH49: 251 | AI49: 251 | AJ49: 251 | AK49: 251 | AL49: 251 | AM49: 251
C50: net yoy change | E50: =E40-D40 -> 0 | F50: =F40-E40 -> -590 | G50: =G40-F40 -> 0 | H50: =H40-G40 -> 0 | I50: =I40-H40 -> 0 | J50: =J40-I40 -> -238 | K50: =K40-J40 -> 0 | L50: =L40-K40 -> 266 | ... T50: =T40-S40 -> 0
C51: scheduled retirement | F51: -980 | J51: -246 | L51: -276 | O51: -80 | Q51: -529 | X51: -128 | Y51: -128 | AG51: -24 | AH51: -53.5 | AI51: -24
C52: total change | E52: =E50-E51 -> 0 | F52: =F50-F51 -> 390 | G52: =G50-G51 -> 0 | H52: =H50-H51 -> 0 | I52: =I50-I51 -> 0 | J52: =J50-J51 -> 8 | K52: =K50-K51 -> 0 | L52: =L50-L51 -> 542 | ... T52: =T50-T51 -> 0
B53: TAS
B54: Coal | C54: MW | D54: 0 | E54: 0 | F54: 0 | G54: 0 | H54: 0 | I54: 0 | J54: 0 | K54: 0 | L54: 0 | M54: 0 | N54: 0 | O54: 0 | P54: 0 | Q54: 0 | R54: 0 | S54: 0 | T54: 0 | U54: 0 | V54: 0 | W54: 0 | X54: 0 | Y54: 0 | Z54: 0 | AA54: 0 | AB54: 0 | AC54: 0 | AD54: 0 | AE54: 0 | AF54: 0 | AG54: 0 | AH54: 0 | AI54: 0 | AJ54: 0 | AK54: 0 | AL54: 0 | AM54: 0
B55: Hydro | C55: MW | D55: 2278 | E55: 2278 | F55: 2278 | G55: 2278 | H55: 2278 | I55: 2278 | J55: 2278 | K55: 2278 | L55: 2278 | M55: 2278 | N55: 2278 | O55: 2278 | P55: 2278 | Q55: 2278 | R55: 2278 | S55: 2278 | T55: 2278 | U55: 2278 | V55: 2278 | W55: 2278 | X55: 2278 | Y55: 2278 | Z55: 2278 | AA55: 2278 | AB55: 2278 | AC55: 2278 | AD55: 2278 | AE55: 2278 | AF55: 2278 | AG55: 2278 | AH55: 2278 | AI55: 2278 | AJ55: 2278 | AK55: 2278 | AL55: 2278 | AM55: 2278
B56: Gas | C56: MW | D56: 182 | E56: 182 | F56: 182 | G56: 182 | H56: 182 | I56: 182 | J56: 182 | K56: 182 | L56: 182 | M56: 182 | N56: 182 | O56: 182 | P56: 182 | Q56: 182 | R56: 182 | S56: 182 | T56: 62 | U56: 62 | V56: 62 | W56: 62 | X56: 62 | Y56: 62 | Z56: 62 | AA56: 62 | AB56: 62 | AC56: 62 | AD56: 4 | AE56: 4 | AF56: 4 | AG56: 4 | AH56: 4 | AI56: 4 | AJ56: 4 | AK56: 4 | AL56: 4 | AM56: 4
B57: Liquid Fuel | C57: MW | D57: 0 | E57: 0 | F57: 0 | G57: 0 | H57: 0 | I57: 0 | J57: 0 | K57: 0 | L57: 0 | M57: 0 | N57: 0 | O57: 0 | P57: 0 | Q57: 0 | R57: 0 | S57: 0 | T57: 0 | U57: 0 | V57: 0 | W57: 0 | X57: 0 | Y57: 0 | Z57: 0 | AA57: 0 | AB57: 0 | AC57: 0 | AD57: 0 | AE57: 0 | AF57: 0 | AG57: 0 | AH57: 0 | AI57: 0 | AJ57: 0 | AK57: 0 | AL57: 0 | AM57: 0
B58: Wind | C58: MW | D58: 568 | E58: 568 | F58: 568 | G58: 688 | H58: 968 | I58: 968 | J58: 1068 | K58: 1368 | L58: 1368 | M58: 1818 | N58: 2168 | O58: 2768 | P58: 2818 | Q58: 3018 | R58: 3018 | S58: 3018 | T58: 3018 | U58: 3018 | V58: 3018 | W58: 3018 | X58: 3018 | Y58: 3068 | Z58: 3068 | AA58: 3268 | AB58: 3318 | AC58: 3418 | AD58: 3418 | AE58: 3418 | AF58: 3418 | AG58: 3418 | AH58: 3518 | AI58: 3518 | AJ58: 3518 | AK58: 3518 | AL58: 3518 | AM58: 3528
B59: Solar | C59: MW | D59: 6 | E59: 6 | F59: 6 | G59: 6 | H59: 6 | I59: 15 | J59: 23 | K59: 32 | L59: 41 | M59: 49 | N59: 58 | O59: 67 | P59: 75 | Q59: 84 | R59: 93 | S59: 101 | T59: 111 | U59: 122 | V59: 136 | W59: 152 | X59: 159 | Y59: 167 | Z59: 176 | AA59: 184 | AB59: 198 | AC59: 207 | AD59: 215 | AE59: 224 | AF59: 232 | AG59: 241 | AH59: 250 | AI59: 259 | AJ59: 268 | AK59: 278 | AL59: 287 | AM59: 296
B60: Solar Rooftop | C60: MW | D60: 354 | E60: 388 | F60: 417 | G60: 462 | H60: 509 | I60: 559 | J60: 606 | K60: 653 | L60: 693 | M60: 735 | N60: 780 | O60: 831 | P60: 873 | Q60: 914 | R60: 958 | S60: 1006 | T60: 1041 | U60: 1075 | V60: 1110 | W60: 1148 | X60: 1181 | Y60: 1216 | Z60: 1253 | AA60: 1295 | AB60: 1330 | AC60: 1364 | AD60: 1401 | AE60: 1441 | AF60: 1473 | AG60: 1507 | AH60: 1542 | AI60: 1578 | AJ60: 1612 | AK60: 1647 | AL60: 1682 | AM60: 1716
B61: NSG | C61: MW | D61: 54 | E61: 55 | F61: 55 | G61: 56 | H61: 56 | I61: 56 | J61: 57 | K61: 57 | L61: 57 | M61: 58 | N61: 58 | O61: 58 | P61: 59 | Q61: 59 | R61: 59 | S61: 60 | T61: 60 | U61: 60 | V61: 61 | W61: 61 | X61: 61 | Y61: 62 | Z61: 62 | AA61: 62 | AB61: 63 | AC61: 63 | AD61: 63 | AE61: 64 | AF61: 64 | AG61: 64 | AH61: 64 | AI61: 64 | AJ61: 64 | AK61: 64 | AL61: 64 | AM61: 64
B62: Utility Scale Battery Storage | C62: MW | D62: 0 | E62: 0 | F62: 0 | G62: 0 | H62: 0 | I62: 0 | J62: 0 | K62: 0 | L62: 0 | M62: 0 | N62: 0 | O62: 0 | P62: 0 | Q62: 0 | R62: 0 | S62: 0 | T62: 0 | U62: 0 | V62: 0 | W62: 0 | X62: 0 | Y62: 0 | Z62: 0 | AA62: 0 | AB62: 0 | AC62: 0 | AD62: 0 | AE62: 0 | AF62: 0 | AG62: 0 | AH62: 0 | AI62: 0 | AJ62: 0 | AK62: 0 | AL62: 0 | AM62: 0
B63: Distributed Battery Storage | C63: MW | D63: 27 | E63: 31 | F63: 43 | G63: 56 | H63: 76 | I63: 98 | J63: 121 | K63: 147 | L63: 172 | M63: 197 | N63: 223 | O63: 253 | P63: 291 | Q63: 331 | R63: 370 | S63: 409 | T63: 449 | U63: 490 | V63: 532 | W63: 573 | X63: 614 | Y63: 654 | Z63: 688 | AA63: 714 | AB63: 732 | AC63: 748 | AD63: 762 | AE63: 776 | AF63: 789 | AG63: 802 | AH63: 815 | AI63: 824 | AJ63: 834 | AK63: 843 | AL63: 852 | AM63: 861
B64: Medium Storage (>4-16h) | C64: MW | D64: 0 | E64: 0 | F64: 0 | G64: 0 | H64: 0 | I64: 0 | J64: 222 | K64: 222 | L64: 222 | M64: 222 | N64: 222 | O64: 222 | P64: 222 | Q64: 222 | R64: 222 | S64: 222 | T64: 222 | U64: 222 | V64: 222 | W64: 222 | X64: 222 | Y64: 222 | Z64: 222 | AA64: 222 | AB64: 222 | AC64: 222 | AD64: 222 | AE64: 222 | AF64: 222 | AG64: 222 | AH64: 222 | AI64: 222 | AJ64: 222 | AK64: 222 | AL64: 222 | AM64: 222
B65: Deep Storage (>16h) | C65: MW | D65: 0 | E65: 0 | F65: 0 | G65: 0 | H65: 0 | I65: 0 | J65: 0 | K65: 0 | L65: 0 | M65: 0 | N65: 0 | O65: 0 | P65: 0 | Q65: 0 | R65: 0 | S65: 0 | T65: 0 | U65: 0 | V65: 0 | W65: 0 | X65: 0 | Y65: 0 | Z65: 0 | AA65: 0 | AB65: 0 | AC65: 0 | AD65: 0 | AE65: 0 | AF65: 0 | AG65: 0 | AH65: 0 | AI65: 0 | AJ65: 0 | AK65: 0 | AL65: 0 | AM65: 0
B67: VIC
B68: Coal | C68: MW | D68: 4902 | E68: 4902 | F68: 4902 | G68: 4902 | H68: 3370 | I68: 3370 | J68: 3370 | K68: 3370 | L68: 3370 | M68: 3370 | N68: 2280 | O68: 1160 | P68: 580 | Q68: 0 | R68: 0 | S68: 0 | T68: 0 | U68: 0 | V68: 0 | W68: 0 | X68: 0 | Y68: 0 | Z68: 0 | AA68: 0 | AB68: 0 | AC68: 0 | AD68: 0 | AE68: 0 | AF68: 0 | AG68: 0 | AH68: 0 | AI68: 0 | AJ68: 0 | AK68: 0 | AL68: 0 | AM68: 0
B69: Hydro | C69: MW | D69: 2136 | E69: 2136 | F69: 2136 | G69: 2136 | H69: 2136 | I69: 2136 | J69: 2136 | K69: 2136 | L69: 2136 | M69: 2136 | N69: 2136 | O69: 2136 | P69: 2136 | Q69: 2136 | R69: 2136 | S69: 2136 | T69: 2136 | U69: 2136 | V69: 2136 | W69: 2136 | X69: 2136 | Y69: 2136 | Z69: 2136 | AA69: 2136 | AB69: 2136 | AC69: 2136 | AD69: 2136 | AE69: 2136 | AF69: 2136 | AG69: 2136 | AH69: 2136 | AI69: 2136 | AJ69: 2136 | AK69: 2136 | AL69: 2136 | AM69: 2136
B70: Gas | C70: MW | D70: 2493 | E70: 2493 | F70: 2493 | G70: 2493 | H70: 2493 | I70: 2493 | J70: 2493 | K70: 2493 | L70: 2493 | M70: 2333 | N70: 2333 | O70: 2453 | P70: 2753 | Q70: 3353 | R70: 3353 | S70: 2364 | T70: 2364 | U70: 2364 | V70: 2280 | W70: 2480 | X70: 2680 | Y70: 2680 | Z70: 2680 | AA70: 2096 | AB70: 2100 | AC70: 2104 | AD70: 2104 | AE70: 2504 | AF70: 2504 | AG70: 2504 | AH70: 2504 | AI70: 2504 | AJ70: 2504 | AK70: 2704 | AL70: 2704 | AM70: 2704
B71: Liquid Fuel | C71: MW | D71: 0 | E71: 0 | F71: 0 | G71: 0 | H71: 0 | I71: 0 | J71: 0 | K71: 0 | L71: 0 | M71: 0 | N71: 0 | O71: 0 | P71: 0 | Q71: 0 | R71: 0 | S71: 0 | T71: 0 | U71: 0 | V71: 0 | W71: 0 | X71: 0 | Y71: 0 | Z71: 0 | AA71: 0 | AB71: 0 | AC71: 0 | AD71: 0 | AE71: 0 | AF71: 0 | AG71: 0 | AH71: 0 | AI71: 0 | AJ71: 0 | AK71: 0 | AL71: 0 | AM71: 0
B72: Wind | C72: MW | D72: 4702 | E72: 5458 | F72: 5458 | G72: 6035 | H72: 6437 | I72: 6437 | J72: 6687 | K72: 7437 | L72: 7437 | M72: 7937 | N72: 7937 | O72: 8037 | P72: 8237 | Q72: 8887 | R72: 8887 | S72: 9087 | T72: 9087 | U72: 9297 | V72: 9547 | W72: 9720 | X72: 10220 | Y72: 10620 | Z72: 10620 | AA72: 10620 | AB72: 10720 | AC72: 10720 | AD72: 10870 | AE72: 10970 | AF72: 11070 | AG72: 11070 | AH72: 11120 | AI72: 11270 | AJ72: 11270 | AK72: 11270 | AL72: 11270 | AM72: 11270
B73: Solar | C73: MW | D73: 1520 | E73: 1546 | F73: 2051 | G73: 2051 | H73: 2237 | I73: 2822 | J73: 2977 | K73: 3131 | L73: 3285 | M73: 3440 | N73: 3594 | O73: 3748 | P73: 4052 | Q73: 4407 | R73: 4561 | S73: 5265 | T73: 5413 | U73: 5875 | V73: 6085 | W73: 6304 | X73: 6548 | Y73: 6695 | Z73: 6855 | AA73: 7020 | AB73: 7203 | AC73: 7390 | AD73: 7528 | AE73: 7777 | AF73: 7905 | AG73: 8044 | AH73: 8183 | AI73: 8322 | AJ73: 8662 | AK73: 8801 | AL73: 8940 | AM73: 9079
B74: Solar Rooftop | C74: MW | D74: 5328 | E74: 5987 | F74: 6544 | G74: 7216 | H74: 7816 | I74: 8419 | J74: 8999 | K74: 9578 | L74: 10088 | M74: 10617 | N74: 11184 | O74: 11832 | P74: 12369 | Q74: 12893 | R74: 13452 | S74: 14067 | T74: 14443 | U74: 14806 | V74: 15188 | W74: 15612 | X74: 15990 | Y74: 16391 | Z74: 16836 | AA74: 17337 | AB74: 17780 | AC74: 18219 | AD74: 18697 | AE74: 19221 | AF74: 19673 | AG74: 20123 | AH74: 20599 | AI74: 21075 | AJ74: 21539 | AK74: 22139 | AL74: 22205 | AM74: 22405
B75: NSG | C75: MW | D75: 169 | E75: 170 | F75: 172 | G75: 174 | H75: 172 | I75: 173 | J75: 175 | K75: 170 | L75: 172 | M75: 174 | N75: 175 | O75: 171 | P75: 172 | Q75: 173 | R75: 174 | S75: 176 | T75: 178 | U75: 179 | V75: 181 | W75: 183 | X75: 184 | Y75: 186 | Z75: 187 | AA75: 189 | AB75: 191 | AC75: 192 | AD75: 194 | AE75: 196 | AF75: 197 | AG75: 199 | AH75: 199 | AI75: 199 | AJ75: 199 | AK75: 199 | AL75: 199 | AM75: 199
B76: Utility Scale Battery Storage | C76: MW | D76: 914 | E76: 1522 | F76: 2612 | G76: 2712 | H76: 2712 | I76: 3074 | J76: 3424 | K76: 3424 | L76: 3424 | M76: 3424 | N76: 4024 | O76: 4524 | P76: 5124 | Q76: 5624 | R76: 5624 | S76: 5924 | T76: 6024 | U76: 6024 | V76: 6224 | W76: 6474 | X76: 6674 | Y76: 6674 | Z76: 6774 | AA76: 6774 | AB76: 6874 | AC76: 7174 | AD76: 7674 | AE76: 7774 | AF76: 7774 | AG76: 7874 | AH76: 7974 | AI76: 7974 | AJ76: 7974 | AK76: 7974 | AL76: 7974 | AM76: 7974
B77: Distributed Battery Storage | C77: MW | D77: 318 | E77: 404 | F77: 623 | G77: 795 | H77: 1043 | I77: 1331 | J77: 1628 | K77: 1949 | L77: 2262 | M77: 2572 | N77: 2898 | O77: 3294 | P77: 3827 | Q77: 4342 | R77: 4829 | S77: 5323 | T77: 5834 | U77: 6352 | V77: 6871 | W77: 7391 | X77: 7894 | Y77: 8405 | Z77: 8856 | AA77: 9219 | AB77: 9497 | AC77: 9733 | AD77: 9961 | AE77: 10170 | AF77: 10382 | AG77: 10593 | AH77: 10805 | AI77: 10953 | AJ77: 11101 | AK77: 11249 | AL77: 11397 | AM77: 11546
B78: Medium Storage (>4-16h) | C78: MW | D78: 0 | E78: 0 | F78: 0 | G78: 0 | H78: 0 | I78: 0 | J78: 0 | K78: 0 | L78: 0 | M78: 0 | N78: 0 | O78: 0 | P78: 0 | Q78: 0 | R78: 502 | S78: 502 | T78: 502 | U78: 502 | V78: 502 | W78: 502 | X78: 502 | Y78: 502 | Z78: 502 | AA78: 502 | AB78: 502 | AC78: 502 | AD78: 502 | AE78: 502 | AF78: 502 | AG78: 502 | AH78: 502 | AI78: 502 | AJ78: 502 | AK78: 502 | AL78: 502 | AM78: 502
B79: Deep Storage (>16h) | C79: MW | D79: 0 | E79: 0 | F79: 0 | G79: 0 | H79: 0 | I79: 0 | J79: 0 | K79: 0 | L79: 0 | M79: 0 | N79: 0 | O79: 0 | P79: 0 | Q79: 0 | R79: 0 | S79: 0 | T79: 501 | U79: 501 | V79: 501 | W79: 501 | X79: 501 | Y79: 501 | Z79: 501 | AA79: 501 | AB79: 501 | AC79: 501 | AD79: 701 | AE79: 901 | AF79: 901 | AG79: 901 | AH79: 901 | AI79: 901 | AJ79: 901 | AK79: 901 | AL79: 901 | AM79: 901
B80: Offshore Wind | C80: MW | D80: 0 | E80: 0 | F80: 0 | G80: 0 | H80: 0 | I80: 0 | J80: 0 | K80: 0 | L80: 1000 | M80: 1000 | N80: 2000 | O80: 3000 | P80: 4000 | Q80: 5000 | R80: 5000 | S80: 5000 | T80: 6000 | U80: 6000 | V80: 6000 | W80: 6000 | X80: 6000 | Y80: 6000 | Z80: 6000 | AA80: 6000 | AB80: 6000 | AC80: 6000 | AD80: 6000 | AE80: 6000 | AF80: 6000 | AG80: 6000 | AH80: 6000 | AI80: 6000 | AJ80: 6000 | AK80: 6000 | AL80: 6000 | AM80: 6000
C81: net yoy change | E81: =E70-D70 -> 0 | F81: =F70-E70 -> 0 | G81: =G70-F70 -> 0 | H81: =H70-G70 -> 0 | I81: =I70-H70 -> 0 | J81: =J70-I70 -> 0 | K81: =K70-J70 -> 0 | L81: =L70-K70 -> 0 | ... T81: =T70-S70 -> 0
C82: scheduled retirement | M82: -160 | S82: -944
C83: total change | E83: =E81-E82 -> 0 | F83: =F81-F82 -> 0 | G83: =G81-G82 -> 0 | H83: =H81-H82 -> 0 | I83: =I81-I82 -> 0 | J83: =J81-J82 -> 0 | K83: =K81-K82 -> 0 | L83: =L81-L82 -> 0 | ... T83: =T81-T82 -> 0

Sheet GLL List Example
A1: Project List
A2: Solar Farms
A3: Name | B3: Tech | C3: Portfolio | D3: Phase | E3: Location | F3: DC Capacity | G3: Export Limit | H3: NTP Date | I3: Commissioning Start | J3: COD | K3: Responsible | L3: Details | M3: GLL Update Req'd? | N3: GLL Received and Checked? | P3: Carl Comment
L4: Checked?
A5: Text | B5: Select | C5: Select | D5: Select | E5: Select | F5: MW DC | G5: MW AC | H5: dd-mmm-yy | I5: dd-mmm-yy | J5: dd-mmm-yy | K5: Select | L5: [1,0] | M5: [1,0] | N5: [1,0] | P5: Text
A6: Bucknalla | B6: Solar Farm | C6: JV | D6: 1 | E6: QLD | F6: 606.94 MW | G6: 450.00 MW | H6: 46997 | I6: 11232 | J6: 11444 | K6: Alex | L6: Yes | M6: Yes | N6: No
A7: Jinghi | B7: Solar Farm | C7: RES | D7: 2 | E7: QLD | F7: 687.11 MW | G7: 509.00 MW | H7: 47150 | I7: 11414 | J7: 11628 | K7: James | L7: Yes | M7: Yes | N7: No
A8: Moah Creek | B8: Solar Farm | C8: JV | D8: 2 | E8: QLD | F8: 385.00 MW | G8: 285.00 MW | H8: 46235 | I8: 46844 | J8: 47058 | K8: Carl | L8: Yes | M8: Yes | N8: No | P8: Discussion with LPM led to amendment in yellow.
A9: Pallamana | B9: Solar Farm | C9: RES | D9: 3 | E9: SA | F9: 198.45 MW | G9: 142.00 MW | H9: 46082 | I9: 46539 | J9: 46753 | K9: Carl | L9: Yes | M9: Yes | N9: No | P9: Checked and no change.
A10: Tallawang | B10: Solar Farm | C10: RES | D10: 3 | E10: NSW | F10: 652.71 MW | G10: 500.00 MW | H10: 46357 | I10: 47119 | J10: 47453 | K10: Carl | L10: Yes | M10: Yes | N10: No | P10: Checked and no change.
A11: Wooderson | B11: Solar Farm | C11: JV | D11: 2 | E11: QLD | F11: 607.50 MW | G11: 450.00 MW | H11: 46661 | I11: 47423 | J11: 11110 | K11: Alex | L11: Yes | M11: Yes | N11: No
A12: Wind Farms
A13: Name | B13: Tech | C13: Portfolio | D13: Phase | E13: Location | F13: Nameplate Capacity | G13: Export Limit | H13: NTP Date | I13: Comm. Start | J13: COD | K13: Responsible | L13: Details | M13: GLL Update Req'd? | N13: GLL Received and Checked? | P13: Carl Comment
L14: Checked?
A15: Text | B15: Select | C15: Select | D15: Select | E15: Select | F15: MW | G15: MW | H15: dd-mmm-yy | I15: dd-mmm-yy | J15: dd-mmm-yy | K15: Select | L15: [1,0] | M15: [1,0] | N15: [1,0] | P15: Text
A16: Argoon | B16: Wind Farm | C16: RES | D16: 2 | E16: NSW | F16: 612.00 MW | G16: 612.00 MW | H16: 46539 | I16: 47392 | J16: 11202 | K16: Carl | L16: Yes | M16: Yes | N16: No | P16: Checked and no change.
A17: Bogandilla | B17: Wind Farm | C17: RES | D17: 2 | E17: QLD | F17: 530.40 MW | G17: 530.40 MW | H17: 46844 | I17: 11293 | J17: 11567 | K17: James | L17: Yes | M17: Yes | N17: No
A18: Cannie | B18: Wind Farm | C18: RES | D18: 2 | E18: VIC | F18: 691.20 MW | G18: 600.00 MW | H18: 47058 | I18: 11780 | J18: 12114 | K18: Alex | L18: Yes | M18: Yes | N18: No
A19: Copper West | B19: Wind Farm | C19: JV | D19: 1 | E19: QLD | F19: 346.80 MW | G19: 346.80 MW | H19: 46997 | I19: 11110 | J19: 11293 | K19: Alex | L19: Yes | M19: Yes | N19: No
A20: Dardadine | B20: Wind Farm | C20: RES | D20: 2 | E20: WA | F20: 1159.20 MW | G20: 1159.20 MW | H20: 46844 | I20: 11293 | J20: 11810 | K20: James | L20: Yes | M20: Yes | N20: No
A21: Gullybuster | B21: Wind Farm | C21: New Sites | D21: 1 | E21: NSW | F21: 354.00 MW | G21: 354.00 MW | H21: 11355 | I21: 12328 | J21: 12571 | K21: Alex | L21: Yes | M21: Yes | N21: No
A22: Jackson | B22: Wind Farm | C22: New Sites | D22: 1 | E22: QLD | F22: 720.00 MW | G22: 720.00 MW | H22: 11293 | I22: 12267 | J22: 12632 | K22: Alex | L22: Yes | M22: Yes | N22: No
A23: Kerrs Creek | B23: Wind Farm | C23: RES | D23: 2 | E23: NSW | F23: 374.00 MW | G23: 374.00 MW | H23: 46569 | I23: 47331 | J23: 11049 | K23: Carl | L23: Yes | M23: Yes | N23: No | P23: Updated to comply with new central case.
A24: Moah Creek | B24: Wind Farm | C24: JV | D24: 3 | E24: QLD | F24: 360.00 MW | G24: 360.00 MW | H24: 45992 | I24: 46661 | J24: 46874 | K24: Carl | L24: Yes | M24: Yes | N24: No | P24: Checked and no change.
A25: Mount Perry | B25: Wind Farm | C25: JV | D25: 2 | E25: QLD | F25: 328.50 MW | G25: 328.50 MW | H25: 47331 | I25: 11475 | J25: 11780 | K25: Alex | L25: Yes | M25: Yes | N25: No
A26: Mount Rainbow | B26: Wind Farm | C26: JV | D26: 2 | E26: QLD | F26: 225.00 MW | G26: 225.00 MW | H26: 47027 | I26: 11171 | J26: 11383 | K26: Alex | L26: Yes | M26: Yes | N26: No
A27: Mount Sugarloaf | B27: Wind Farm | C27: JV | D27: 2 | E27: QLD | F27: 252.00 MW | G27: 252.00 MW | H27: 47392 | I27: 11536 | J27: 11749 | K27: Alex | L27: Yes | M27: Yes | N27: No
A28: Murra Warra III | B28: Wind Farm | C28: RES | D28: 1 | E28: VIC | F28: 280.80 MW | G28: 280.80 MW | H28: 11171 | I28: 11841 | J28: 12024 | K28: Alex | L28: Yes | M28: Yes | N28: No
A29: Silver Eye | B29: Wind Farm | C29: JV | D29: 1 | E29: QLD | F29: 518.40 MW | G29: 518.40 MW | H29: 11324 | I29: 12298 | J29: 12055 | K29: James | L29: Yes | M29: Yes | N29: No
A30: Tarong West | B30: Wind Farm | C30: RES | D30: 2 | E30: QLD | F30: 436.50 MW | G30: 436.50 MW | H30: 45870 | I30: 46419 | J30: 46784 | K30: James | L30: Yes | M30: Yes | N30: No
A31: Twin Creek | B31: Wind Farm | C31: RES | D31: 2 | E31: SA | F31: 260.40 MW | G31: 260.40 MW | H31: 46419 | I31: 47178 | J31: 47362 | K31: Carl | L31: Yes | M31: Yes | N31: No | P31: Checked and no change.
A32: Watta Wella | B32: Wind Farm | C32: RES | D32: 2 | E32: VIC | F32: 306.00 MW | G32: 306.00 MW | H32: 46631 | I32: 47300 | J32: 10959 | K32: Alex | L32: Yes | M32: Yes | N32: No
A33: Batteries
A34: Name | B34: Tech | C34: Portfolio | D34: Phase | E34: Location | F34: Power Rating (MW) | G34: Energy Capacity (MWh) | H34: NTP Date | I34: Commissioning Start | J34: COD | K34: Responsible | L34: Project Details Checked? | M34: GLL Update Req'd? | N34: GLL Received and Checked? | P34: Carl Comment
A35: Text | B35: Select | C35: Select | D35: Select | E35: Select | F35: MW DC | G35: MW AC | H35: dd-mmm-yy | I35: dd-mmm-yy | J35: dd-mmm-yy | K35: Select | L35: [1,0] | M35: [1,0] | N35: [1,0] | P35: Text
A36: Brandy Hill | B36: BESS | C36: RES | D36: 1 | E36: NSW | F36: 110.00 MW | G36: 282.00 MW | H36: 46419 | I36: 46966 | J36: 47088 | K36: Carl | L36: Yes | M36: No | N36: No | P36: Remove project. No longer in portfolio.
A37: Tungkillo | B37: BESS | C37: RES | D37: 2 | E37: SA | F37: 270.00 MW | G37: 1370.80 MW | H37: 46539 | I37: 47119 | J37: 47362 | K37: James | L37: Yes | M37: No | N37: No | P37: No modelling currently available for project.

Sheet Issues Tracker Example
A1: Task ID | B1: Subtask ID | C1: Project | D1: Description | E1: Sheet Name | F1: Link | G1: Region | H1: Owner | I1: Reviewer | J1: Status | K1: Priority | L1: Target Date | M1: Comments | N1: Reviewer Comments
A2: 1 | B2: =CHAR(65 + COUNTIF($A$2:A2, A2) - 1) -> A | C2: Calala BESS 1 | D2: Ensure project is modelled as per latest timing and details | E2: committed gen / res_dev | G2: NSW | H2: Jack S | J2: Open | K2: Medium | L2: 45786
A3: 1 | B3: =CHAR(65 + COUNTIF($A$2:A3, A3) - 1) -> B | C3: Calala BESS 2 | D3: Ensure project is modelled as per latest timing and details | E3: committed gen / res_dev | G3: NSW | H3: Jack S | J3: Open | K3: Medium | L3: 45786
A4: 1 | B4: =CHAR(65 + COUNTIF($A$2:A4, A4) - 1) -> C | C4: Goulburn River Solar Farm | D4: Ensure project is modelled as per latest timing and details | E4: committed gen / res_dev | G4: NSW | H4: Jack S | J4: Open | K4: Medium | L4: 45786
A5: 1 | B5: =CHAR(65 + COUNTIF($A$2:A5, A5) - 1) -> D | C5: Marulan Solar Farm | D5: Ensure project is modelled as per latest timing and details | E5: committed gen / res_dev | G5: NSW | H5: Jack S | J5: Open | K5: Medium | L5: 45786
A6: 1 | B6: =CHAR(65 + COUNTIF($A$2:A6, A6) - 1) -> E | C6: Orana BESS | D6: Ensure project is modelled as per latest timing and details | E6: committed gen / res_dev | G6: NSW | H6: Jack S | J6: Open | K6: Medium | L6: 45786
A7: 1 | B7: =CHAR(65 + COUNTIF($A$2:A7, A7) - 1) -> F | C7: Ridgey Creek BESS | D7: Ensure project is modelled as per latest timing and details | E7: committed gen / res_dev | G7: NSW | H7: Jack S | J7: Open | K7: Medium | L7: 45786
A8: 1 | B8: =CHAR(65 + COUNTIF($A$2:A8, A8) - 1) -> G | C8: Smithfield BESS | D8: Ensure project is modelled as per latest timing and details | E8: committed gen / res_dev | G8: NSW | H8: Jack S | J8: Open | K8: Medium | L8: 45786
A9: 1 | B9: =CHAR(65 + COUNTIF($A$2:A9, A9) - 1) -> H | C9: Stubbo Solar Farm 2 | D9: Ensure project is modelled as per latest timing and details | E9: committed gen / res_dev | G9: NSW | H9: Jack S | J9: Closed | K9: Medium | L9: 45786
A10: 1 | B10: =CHAR(65 + COUNTIF($A$2:A10, A10) - 1) -> I | C10: Walla Walla Solar Farm GS2 | D10: Ensure project is modelled as per latest timing and details | E10: committed gen / res_dev | G10: NSW | H10: Jack S | J10: Closed | K10: Medium | L10: 45786
A11: 1 | B11: =CHAR(65 + COUNTIF($A$2:A11, A11) - 1) -> J | C11: Williamsdale BESS | D11: Ensure project is modelled as per latest timing and details | E11: committed gen / res_dev | G11: NSW | H11: Jack S | J11: Open | K11: Medium | L11: 45786
A12: 2 | B12: =CHAR(65 + COUNTIF($A$2:A12, A12) - 1) -> A | C12: Aldoga Solar Farm | D12: Ensure project is modelled as per latest timing and details | E12: committed gen / res_dev | G12: QLD | H12: Frank W | J12: Closed | K12: Medium | L12: 45786
A13: 2 | B13: =CHAR(65 + COUNTIF($A$2:A13, A13) - 1) -> B | C13: Boulder Creek Wind Farm | D13: Ensure project is modelled as per latest timing and details | E13: committed gen / res_dev | G13: QLD | H13: Frank W | J13: Closed | K13: Medium | L13: 45786
... A41: 6 | B41: =CHAR(65 + COUNTIF($A$2:A41, A41) - 1) -> H | C41: Millmerran | D41: Confirm coal plant closure as per latest timing and details for each scenario | E41: Retirements | G41: QLD | H41: Frank W | J41: Open | K41: Medium | L41: 45786
A42: 7 | B42: =CHAR(65 + COUNTIF($A$2:A42, A42) - 1) -> A | C42: Yallourn West | D42: Confirm coal plant closure as per latest timing and details for each scenario | E42: Retirements | G42: VIC | H42: Wriece M | J42: Review | K42: Medium | L42: 45786 | M42: Remain uncanged for ISP, will review Aurora and Baringa scenarios later
A43: 7 | B43: =CHAR(65 + COUNTIF($A$2:A43, A43) - 1) -> B | C43: Loy Yang A | D43: Confirm coal plant closure as per latest timing and details for each scenario | E43: Retirements | G43: VIC | H43: Wriece M | J43: Review | K43: Medium | L43: 45786 | M43: Remain uncanged for ISP, will review Aurora and Baringa scenarios later
A44: 7 | B44: =CHAR(65 + COUNTIF($A$2:A44, A44) - 1) -> C | C44: Loy Yang B | D44: Confirm coal plant closure as per latest timing and details for each scenario | E44: Retirements | G44: VIC | H44: Wriece M | J44: Review | K44: Medium | L44: 45786 | M44: Remain uncanged for ISP, will review Aurora and Baringa scenarios later
A45: 8 | B45: =CHAR(65 + COUNTIF($A$2:A45, A45) - 1) -> A | C45: Tallawarra | D45: Confirm gas plant closure as per latest timing and details for each scenario | E45: Retirements | G45: NSW | H45: Jack S | J45: Closed | K45: Medium | L45: 45786
A46: 8 | B46: =CHAR(65 + COUNTIF($A$2:A46, A46) - 1) -> B | C46: Smithfield | D46: Confirm gas plant closure as per latest timing and details for each scenario | E46: Retirements | G46: NSW | H46: Jack S | J46: Closed | K46: Medium | L46: 45786 | M46: Converted disconnected gas units in input snapshots to notional gas before retirement
A47: 8 | B47: =CHAR(65 + COUNTIF($A$2:A47, A47) - 1) -> C | C47: Uranquinty | D47: Confirm gas plant closure as per latest timing and details for each scenario | E47: Retirements | G47: NSW | H47: Jack S | J47: Closed | K47: Medium | L47: 45786 | M47: Converted disconnected gas units in input snapshots to notional gas before retirement
A48: 9 | B48: =CHAR(65 + COUNTIF($A$2:A48, A48) - 1) -> A | C48: Swanbank E GT | D48: Confirm gas plant closure as per latest timing and details for each scenario | E48: Retirements | G48: QLD | H48: Frank W | J48: Open | K48: Medium | L48: 45786
A49: 9 | B49: =CHAR(65 + COUNTIF($A$2:A49, A49) - 1) -> B | C49: CPSA | D49: Confirm gas plant closure as per latest timing and details for each scenario | E49: Retirements | G49: QLD | H49: Frank W | J49: Open | K49: Medium | L49: 45786
A50: 9 | B50: =CHAR(65 + COUNTIF($A$2:A50, A50) - 1) -> C | C50: Mount Stuart | D50: Confirm gas plant closure as per latest timing and details for each scenario | E50: Retirements | G50: QLD | H50: Frank W | J50: Open | K50: Medium | L50: 45786
A51: 9 | B51: =CHAR(65 + COUNTIF($A$2:A51, A51) - 1) -> D | C51: Darling Downs | D51: Confirm gas plant closure as per latest timing and details for each scenario | E51: Retirements | G51: QLD | H51: Frank W | J51: Open | K51: Medium | L51: 45786
A52: 9 | B52: =CHAR(65 + COUNTIF($A$2:A52, A52) - 1) -> E | C52: Braemar | D52: Confirm gas plant closure as per latest timing and details for each scenario | E52: Retirements | G52: QLD | H52: Frank W | J52: Open | K52: Medium | L52: 45786
A53: 9 | B53: =CHAR(65 + COUNTIF($A$2:A53, A53) - 1) -> F | C53: Yabulu PS | D53: Confirm gas plant closure as per latest timing and details for each scenario | E53: Retirements | G53: QLD | H53: Frank W | J53: Open | K53: Medium | L53: 45786
A54: 9 | B54: =CHAR(65 + COUNTIF($A$2:A54, A54) - 1) -> G | C54: Braemar 2 | D54: Confirm gas plant closure as per latest timing and details for each scenario | E54: Retirements | G54: QLD | H54: Frank W | J54: Open | K54: Medium | L54: 45786
A55: 9 | B55: =CHAR(65 + COUNTIF($A$2:A55, A55) - 1) -> H | C55: Oakey PS | D55: Confirm gas plant closure as per latest timing and details for each scenario | E55: Retirements | G55: QLD | H55: Frank W | J55: Open | K55: Medium | L55: 45786
A56: 10 | B56: =CHAR(65 + COUNTIF($A$2:A56, A56) - 1) -> A | C56: Osborne | D56: Confirm gas plant closure as per latest timing and details for each scenario | E56: Retirements | G56: SA | H56: Wriece M | J56: Review | K56: Medium | L56: 45786 | M56: Gas plant closures remain unchanged for ISP, will review Aurora and Baringa scenarios later
A57: 10 | B57: =CHAR(65 + COUNTIF($A$2:A57, A57) - 1) -> B | C57: Torrens Island A | D57: Confirm gas plant closure as per latest timing and details for each scenario | E57: Retirements | G57: SA | H57: Wriece M | J57: Review | K57: Medium | L57: 45786 | M57: Gas plant closures remain unchanged for ISP, will review Aurora and Baringa scenarios later
A58: 10 | B58: =CHAR(65 + COUNTIF($A$2:A58, A58) - 1) -> C | C58: Dry Creek GT | D58: Confirm gas plant closure as per latest timing and details for each scenario | E58: Retirements | G58: SA | H58: Wriece M | J58: Review | K58: Medium | L58: 45786 | M58: Gas plant closures remain unchanged for ISP, will review Aurora and Baringa scenarios later
A59: 10 | B59: =CHAR(65 + COUNTIF($A$2:A59, A59) - 1) -> D | C59: Hallett GT | D59: Confirm gas plant closure as per latest timing and details for each scenario | E59: Retirements | G59: SA | H59: Wriece M | J59: Review | K59: Medium | L59: 45786 | M59: Gas plant closures remain unchanged for ISP, will review Aurora and Baringa scenarios later
A60: 10 | B60: =CHAR(65 + COUNTIF($A$2:A60, A60) - 1) -> E | C60: Torrens Island B | D60: Confirm gas plant closure as per latest timing and details for each scenario | E60: Retirements | G60: SA | H60: Wriece M | J60: Review | K60: Medium | L60: 45786 | M60: Gas plant closures remain unchanged for ISP, will review Aurora and Baringa scenarios later
A61: 10 | B61: =CHAR(65 + COUNTIF($A$2:A88, A61) - 1) -> H | C61: Pelican Point | D61: Confirm gas plant closure as per latest timing and details for each scenario | E61: Retirements | G61: SA | H61: Wriece M | J61: Review | K61: Medium | L61: 45786 | M61: Gas plant closures remain unchanged for ISP, will review Aurora and Baringa scenarios later
A62: 10 | B62: =CHAR(65 + COUNTIF($A$2:A62, A62) - 1) -> G | C62: Bolivar PS | D62: Confirm gas plant closure as per latest timing and details for each scenario | E62: Retirements | G62: SA | H62: Wriece M | J62: Review | K62: Medium | L62: 45786 | M62: Gas plant closures remain unchanged for ISP, will review Aurora and Baringa scenarios later
A63: 10 | B63: =CHAR(65 + COUNTIF($A$2:A63, A63) - 1) -> H | C63: Quarantine PS | D63: Confirm gas plant closure as per latest timing and details for each scenario | E63: Retirements | G63: SA | H63: Wriece M | J63: Review | K63: Medium | L63: 45786 | M63: Gas plant closures remain unchanged for ISP, will review Aurora and Baringa scenarios later
A64: 11 | B64: =CHAR(65 + COUNTIF($A$2:A64, A64) - 1) -> A | C64: Somerton | D64: Confirm gas plant closure as per latest timing and details for each scenario | E64: Retirements | G64: VIC | H64: Wriece M | J64: Review | K64: Medium | L64: 45786 | M64: Gas plant closures remain unchanged for ISP, will review Aurora and Baringa scenarios later
A65: 11 | B65: =CHAR(65 + COUNTIF($A$2:A65, A65) - 1) -> B | C65: Jeeralang A | D65: Confirm gas plant closure as per latest timing and details for each scenario | E65: Retirements | G65: VIC | H65: Wriece M | J65: Review | K65: Medium | L65: 45786 | M65: Gas plant closures remain unchanged for ISP, will review Aurora and Baringa scenarios later
A66: 11 | B66: =CHAR(65 + COUNTIF($A$2:A66, A66) - 1) -> C | C66: Jeeralang B | D66: Confirm gas plant closure as per latest timing and details for each scenario | E66: Retirements | G66: VIC | H66: Wriece M | J66: Review | K66: Medium | L66: 45786 | M66: Gas plant closures remain unchanged for ISP, will review Aurora and Baringa scenarios later
A67: 11 | B67: =CHAR(65 + COUNTIF($A$2:A67, A67) - 1) -> D | C67: Newport | D67: Confirm gas plant closure as per latest timing and details for each scenario | E67: Retirements | G67: VIC | H67: Wriece M | J67: Review | K67: Medium | L67: 45786 | M67: Gas plant closures remain unchanged for ISP, will review Aurora and Baringa scenarios later
A68: 11 | B68: =CHAR(65 + COUNTIF($A$2:A68, A68) - 1) -> E | C68: Mortlake | D68: Confirm gas plant closure as per latest timing and details for each scenario | E68: Retirements | G68: VIC | H68: Wriece M | J68: Review | K68: Medium | L68: 45786 | M68: Gas plant closures remain unchanged for ISP, will review Aurora and Baringa scenarios later
A69: 12 | B69: =CHAR(65 + COUNTIF($A$2:A69, A69) - 1) -> A | C69: Project Energy Connect | D69: Ensure augmentation is updated for each scenario | E69: Committed / Actionable | G69: NSW | H69: Jack S | J69: Closed | K69: Medium | L69: 45786
A70: 12 | B70: =CHAR(65 + COUNTIF($A$2:A70, A70) - 1) -> B | C70: CWO REZ | D70: Ensure augmentation is updated for each scenario | E70: Committed / Actionable | G70: NSW | H70: Jack S | J70: Closed | K70: Medium | L70: 45786
A71: 12 | B71: =CHAR(65 + COUNTIF($A$2:A71, A71) - 1) -> C | C71: Sydney Ring | D71: Ensure augmentation is updated for each scenario | E71: Committed / Actionable | G71: NSW | H71: Jack S | J71: Closed | K71: Medium | L71: 45786
A72: 12 | B72: =CHAR(65 + COUNTIF($A$2:A72, A72) - 1) -> D | C72: HumeLink | D72: Ensure augmentation is updated for each scenario | E72: Committed / Actionable | G72: NSW | H72: Jack S | J72: Closed | K72: Medium | L72: 45786
A73: 12 | B73: =CHAR(65 + COUNTIF($A$2:A73, A73) - 1) -> E | C73: New England REZ | D73: Ensure augmentation is updated for each scenario | E73: Committed / Actionable | G73: NSW | H73: Jack S | J73: Closed | K73: Medium | L73: 45786
A74: 12 | B74: =CHAR(65 + COUNTIF($A$2:A74, A74) - 1) -> F | C74: Snowy 2.0 | D74: Ensure augmentation is updated for each scenario | E74: Committed / Actionable | G74: NSW | H74: Jack S | J74: Closed | K74: Medium | L74: 45786
A75: 12 | B75: =CHAR(65 + COUNTIF($A$2:A75, A75) - 1) -> G | C75: QNI Connect | D75: Ensure augmentation is updated for each scenario | E75: Committed / Actionable | G75: NSW | H75: Jack S | J75: Closed | K75: Medium | L75: 45786
A76: 13 | B76: =CHAR(65 + COUNTIF($A$2:A76, A76) - 1) -> A | C76: Copperstring | D76: Ensure augmentation is updated for each scenario | E76: Committed / Actionable | G76: QLD | H76: Frank W | J76: Closed | K76: Medium | L76: 45786
A77: 13 | B77: =CHAR(65 + COUNTIF($A$2:A77, A77) - 1) -> B | C77: QLD Supergrid South | D77: Ensure augmentation is updated for each scenario | E77: Committed / Actionable | G77: QLD | H77: Frank W | J77: Closed | K77: Medium | L77: 45786
A78: 13 | B78: =CHAR(65 + COUNTIF($A$2:A78, A78) - 1) -> C | C78: Borumba Hydro | D78: Ensure augmentation is updated for each scenario | E78: Committed / Actionable | G78: QLD | H78: Frank W | J78: Closed | K78: Medium | L78: 45786
A79: 13 | B79: =CHAR(65 + COUNTIF($A$2:A79, A79) - 1) -> D | C79: QLD Supergrid North | D79: Ensure augmentation is updated for each scenario | E79: Committed / Actionable | G79: QLD | H79: Frank W | J79: Closed | K79: Medium | L79: 45786
A80: 14 | B80: =CHAR(65 + COUNTIF($A$2:A80, A80) - 1) -> A | C80: Western Renewables Link | D80: Ensure augmentation is updated for each scenario | E80: Committed / Actionable | G80: VIC | H80: Wriece M | J80: Review | K80: Medium | L80: 45786 | M80: Timing remains unchanged for ISP, will review other scenarios later
A81: 14 | B81: =CHAR(65 + COUNTIF($A$2:A88, A81) - 1) -> B | C81: VNI West | D81: Ensure augmentation is updated for each scenario | E81: Committed / Actionable | G81: VIC | H81: Wriece M | J81: Review | K81: Medium | L81: 45786
A82: 15 | B82: A | C82: - | D82: Notional Buildout review | E82: - | G82: - | H82: Jacques S | J82: Closed | K82: Medium | L82: 45786
A83: 16 | B83: =CHAR(65 + COUNTIF($A$2:A83, A83) - 1) -> A | C83: - | D83: Check sample snapshot to ensure changes have been applied | E83: - | G83: NSW | H83: Jack S | J83: Open | K83: High | L83: 45786
A84: 16 | B84: =CHAR(65 + COUNTIF($A$2:A84, A84) - 1) -> B | C84: - | D84: Check sample snapshot to ensure changes have been applied | E84: - | G84: QLD | H84: Frank W | J84: Open | K84: High | L84: 45786
A85: 16 | B85: =CHAR(65 + COUNTIF($A$2:A85, A85) - 1) -> C | C85: - | D85: Check sample snapshot to ensure changes have been applied | E85: - | G85: VIC | H85: Wriece M | J85: Review | K85: High | L85: 45786 | M85: ISP scnearios remain unchanged, not necessary for these. Will need to be done for Aurora and Baringa scenarios.
A86: 16 | B86: =CHAR(65 + COUNTIF($A$2:A88, A86) - 1) -> D | C86: - | D86: Check sample snapshot to ensure changes have been applied | E86: - | G86: SA | H86: Wriece M | J86: Review | K86: High | L86: 45786 | M86: ISP scnearios remain unchanged, not necessary for these. Will need to be done for Aurora and Baringa scenarios.
A87: 17 | B87: =CHAR(65 + COUNTIF($A$2:A88, A87) - 1) -> A | C87: - | D87: DER Notional Buildout review | E87: - | G87: - | H87: Jacques S | J87: Closed | K87: Medium | L87: 45786
A88: 18 | B88: A | C88: - | D88: Update GLL List | E88: - | G88: - | H88: Jacques S | J88: Open | K88: Medium | L88: 45786

Sheet Difference demand
A1: Demand growth
A2: Annual demand on a sent-out basis* | F2: 2026 | G2: 2027 | H2: 2028 | I2: 2029 | J2: 2030 | K2: 2031 | L2: 2032 | M2: 2033 | N2: 2034 | O2: 2035 | P2: 2036 | Q2: 2037 | R2: 2038 | S2: 2039 | T2: 2040 | U2: 2041 | V2: 2042 | W2: 2043 | X2: 2044 | Y2: 2045 | Z2: 2046 | AA2: 2047 | AB2: 2048 | AC2: 2049 | AD2: 2050 | AE2: 2051 | AF2: 2052 | AG2: 2053 | AH2: 2054 | AI2: 2055 | AJ2: 2056 | AK2: 2057 | AL2: 2058 | AM2: 2059 | AN2: 2060
A3: NSW | B3: GWh | F3: ='Baringa RC Buildouts Q425'!F3-'Baringa RC Buildouts Q325'!F3 -> 11.22 | G3: ='Baringa RC Buildouts Q425'!G3-'Baringa RC Buildouts Q325'!G3 -> 33.34 | H3: ='Baringa RC Buildouts Q425'!H3-'Baringa RC Buildouts Q325'!H3 -> 29.77 | I3: ='Baringa RC Buildouts Q425'!I3-'Baringa RC Buildouts Q325'!I3 -> 34.76 | J3: ='Baringa RC Buildouts Q425'!J3-'Baringa RC Buildouts Q325'!J3 -> -3.6 | K3: ='Baringa RC Buildouts Q425'!K3-'Baringa RC Buildouts Q325'!K3 -> 13.47 | L3: ='Baringa RC Buildouts Q425'!L3-'Baringa RC Buildouts Q325'!L3 -> 5.6 | M3: ='Baringa RC Buildouts Q425'!M3-'Baringa RC Buildouts Q325'!M3 -> 12.46 | ... AN3: ='Baringa RC Buildouts Q425'!AN3-'Baringa RC Buildouts Q325'!AN3 -> 44.8
A4: QLD | B4: GWh | F4: ='Baringa RC Buildouts Q425'!F4-'Baringa RC Buildouts Q325'!F4 -> 3.99 | G4: ='Baringa RC Buildouts Q425'!G4-'Baringa RC Buildouts Q325'!G4 -> 16.27 | H4: ='Baringa RC Buildouts Q425'!H4-'Baringa RC Buildouts Q325'!H4 -> 14.6 | I4: ='Baringa RC Buildouts Q425'!I4-'Baringa RC Buildouts Q325'!I4 -> 19.86 | J4: ='Baringa RC Buildouts Q425'!J4-'Baringa RC Buildouts Q325'!J4 -> -5.49 | K4: ='Baringa RC Buildouts Q425'!K4-'Baringa RC Buildouts Q325'!K4 -> 14.19 | L4: ='Baringa RC Buildouts Q425'!L4-'Baringa RC Buildouts Q325'!L4 -> 21.86 | M4: ='Baringa RC Buildouts Q425'!M4-'Baringa RC Buildouts Q325'!M4 -> 23.14 | ... AN4: ='Baringa RC Buildouts Q425'!AN4-'Baringa RC Buildouts Q325'!AN4 -> 50.4
A5: SA | B5: GWh | F5: ='Baringa RC Buildouts Q425'!F5-'Baringa RC Buildouts Q325'!F5 -> 2.09 | G5: ='Baringa RC Buildouts Q425'!G5-'Baringa RC Buildouts Q325'!G5 -> 6.72 | H5: ='Baringa RC Buildouts Q425'!H5-'Baringa RC Buildouts Q325'!H5 -> 6.91 | I5: ='Baringa RC Buildouts Q425'!I5-'Baringa RC Buildouts Q325'!I5 -> 5.53 | J5: ='Baringa RC Buildouts Q425'!J5-'Baringa RC Buildouts Q325'!J5 -> -0.47 | K5: ='Baringa RC Buildouts Q425'!K5-'Baringa RC Buildouts Q325'!K5 -> -9.66 | L5: ='Baringa RC Buildouts Q425'!L5-'Baringa RC Buildouts Q325'!L5 -> -12.57 | M5: ='Baringa RC Buildouts Q425'!M5-'Baringa RC Buildouts Q325'!M5 -> -11.27 | ... AN5: ='Baringa RC Buildouts Q425'!AN5-'Baringa RC Buildouts Q325'!AN5 -> 5.93
A6: TAS | B6: GWh | F6: ='Baringa RC Buildouts Q425'!F6-'Baringa RC Buildouts Q325'!F6 -> 1.32 | G6: ='Baringa RC Buildouts Q425'!G6-'Baringa RC Buildouts Q325'!G6 -> 0.29 | H6: ='Baringa RC Buildouts Q425'!H6-'Baringa RC Buildouts Q325'!H6 -> 0.88 | I6: ='Baringa RC Buildouts Q425'!I6-'Baringa RC Buildouts Q325'!I6 -> 0.98 | J6: ='Baringa RC Buildouts Q425'!J6-'Baringa RC Buildouts Q325'!J6 -> -8.38 | K6: ='Baringa RC Buildouts Q425'!K6-'Baringa RC Buildouts Q325'!K6 -> -9.55 | L6: ='Baringa RC Buildouts Q425'!L6-'Baringa RC Buildouts Q325'!L6 -> -8.53 | M6: ='Baringa RC Buildouts Q425'!M6-'Baringa RC Buildouts Q325'!M6 -> -7.87 | ... AN6: ='Baringa RC Buildouts Q425'!AN6-'Baringa RC Buildouts Q325'!AN6 -> 0.49
A7: VIC | B7: GWh | F7: ='Baringa RC Buildouts Q425'!F7-'Baringa RC Buildouts Q325'!F7 -> 0.85 | G7: ='Baringa RC Buildouts Q425'!G7-'Baringa RC Buildouts Q325'!G7 -> 11.89 | H7: ='Baringa RC Buildouts Q425'!H7-'Baringa RC Buildouts Q325'!H7 -> 15.32 | I7: ='Baringa RC Buildouts Q425'!I7-'Baringa RC Buildouts Q325'!I7 -> 20.12 | J7: ='Baringa RC Buildouts Q425'!J7-'Baringa RC Buildouts Q325'!J7 -> -4.7 | K7: ='Baringa RC Buildouts Q425'!K7-'Baringa RC Buildouts Q325'!K7 -> -21.08 | L7: ='Baringa RC Buildouts Q425'!L7-'Baringa RC Buildouts Q325'!L7 -> -40.67 | M7: ='Baringa RC Buildouts Q425'!M7-'Baringa RC Buildouts Q325'!M7 -> -24.73 | ... AN7: ='Baringa RC Buildouts Q425'!AN7-'Baringa RC Buildouts Q325'!AN7 -> 6.3
